-- ----------------------------------------------------------------------------- --
--                               LearnIT Datenbank                               --
-- ----------------------------------------------------------------------------- --
-- Version 2018-09-04
-- Die Struktur und Daten in dieser Datenbank stehen unter
-- CC-BY-SA 4.0 Lizenz - https://creativecommons.org/licenses/by-sa/4.0/deed.de
-- 
-- Autor: Martin Schleyer <schleyer@oszimt.de>
-- 
-- Ähnlichkeiten mit echten Hardware-Herstellern sind eventuell nicht von 
-- der Hand zu weisen, und vielleicht auch gewollt...
-- 
-- ----------------------------------------------------------------------------- --
-- Hinweis: Diese Datenbank befindet sich aus didaktischen Gründen bewusst nicht --
--          vollständig in der dritten Normalform, um auch den Effekt der        -- 
--          verschiedenen Anomalien am Beispiel testen zu können.                -- 
-- ----------------------------------------------------------------------------- --

/*!40101 SET @OLD_CHARACTER_SET_CLIENT=@@CHARACTER_SET_CLIENT */;
/*!40101 SET NAMES utf8 */;
/*!50503 SET NAMES utf8mb4 */;
/*!40014 SET @OLD_FOREIGN_KEY_CHECKS=@@FOREIGN_KEY_CHECKS, FOREIGN_KEY_CHECKS=0 */;
/*!40101 SET @OLD_SQL_MODE=@@SQL_MODE, SQL_MODE='NO_AUTO_VALUE_ON_ZERO' */;


-- Exportiere Datenbank Struktur für learnit
CREATE DATABASE IF NOT EXISTS `learnit` /*!40100 DEFAULT CHARACTER SET latin1 */;
USE `learnit`;

-- Exportiere Struktur von Tabelle learnit.t_anschluesse
CREATE TABLE IF NOT EXISTS `t_anschluesse` (
  `P_Anschluss_Nr` int(11) NOT NULL AUTO_INCREMENT,
  `Bezeichnung` varchar(255) COLLATE utf8_unicode_ci DEFAULT NULL,
  PRIMARY KEY (`P_Anschluss_Nr`)
) ENGINE=InnoDB AUTO_INCREMENT=13 DEFAULT CHARSET=utf8 COLLATE=utf8_unicode_ci;

-- Exportiere Daten aus Tabelle learnit.t_anschluesse: ~12 rows (ungefähr)
/*!40000 ALTER TABLE `t_anschluesse` DISABLE KEYS */;
INSERT INTO `t_anschluesse` (`P_Anschluss_Nr`, `Bezeichnung`) VALUES
	(1, 'Ethernet RJ45'),
	(2, 'Netz 220V'),
	(3, 'Netz 380V'),
	(4, 'HDMI'),
	(5, 'VGA'),
	(6, 'Wasser'),
	(7, 'Druckluft'),
	(11, 'Ethernet LWL LC'),
	(12, 'Ethernet LWL SC');
/*!40000 ALTER TABLE `t_anschluesse` ENABLE KEYS */;

-- Exportiere Struktur von Tabelle learnit.t_anschluesse_raeume
CREATE TABLE IF NOT EXISTS `t_anschluesse_raeume` (
  `PF_Anschluss_Nr` int(11) NOT NULL,
  `PF_Gebaeude_Nr` varchar(6) COLLATE utf8_unicode_ci NOT NULL,
  `PF_Raum_Nr` varchar(12) COLLATE utf8_unicode_ci NOT NULL,
  `Anzahl` int(11) DEFAULT NULL,
  PRIMARY KEY (`PF_Anschluss_Nr`,`PF_Gebaeude_Nr`,`PF_Raum_Nr`),
  KEY `PF_Anschluss_id` (`PF_Anschluss_Nr`),
  KEY `FK_t_anschluesse_raeume_t_raeume` (`PF_Gebaeude_Nr`,`PF_Raum_Nr`),
  CONSTRAINT `FK_t_anschluesse_raeume_t_anschluesse` FOREIGN KEY (`PF_Anschluss_Nr`) REFERENCES `t_anschluesse` (`P_Anschluss_Nr`),
  CONSTRAINT `FK_t_anschluesse_raeume_t_raeume` FOREIGN KEY (`PF_Gebaeude_Nr`, `PF_Raum_Nr`) REFERENCES `t_raeume` (`PF_Gebaeude_Nr`, `P_Raum_Nr`)
) ENGINE=InnoDB DEFAULT CHARSET=utf8 COLLATE=utf8_unicode_ci;

-- Exportiere Daten aus Tabelle learnit.t_anschluesse_raeume: ~804 rows (ungefähr)
/*!40000 ALTER TABLE `t_anschluesse_raeume` DISABLE KEYS */;
INSERT INTO `t_anschluesse_raeume` (`PF_Anschluss_Nr`, `PF_Gebaeude_Nr`, `PF_Raum_Nr`, `Anzahl`) VALUES
	(1, 'HQ', '1.01', 8),
	(1, 'HQ', '1.02', 8),
	(1, 'HQ', '1.03', 8),
	(1, 'HQ', '1.04', 6),
	(1, 'HQ', '1.05', 8),
	(1, 'HQ', '1.06', 32),
	(1, 'HQ', '1.08', 6),
	(1, 'HQ', '1.09', 8),
	(1, 'HQ', '1.10', 12),
	(1, 'HQ', '1.11', 5),
	(1, 'HQ', '1.12', 8),
	(1, 'HQ', '1.14', 8),
	(1, 'HQ', '1.15', 20),
	(1, 'HQ', '1.18', 64),
	(1, 'HQ', '1.19', 32),
	(1, 'HQ', '2.01', 28),
	(1, 'HQ', '2.02', 28),
	(1, 'HQ', '2.03', 28),
	(1, 'HQ', '2.04', 12),
	(1, 'HQ', '2.05', 8),
	(1, 'HQ', '2.06', 22),
	(1, 'HQ', '2.07', 26),
	(1, 'HQ', '2.08', 14),
	(1, 'HQ', '2.09', 10),
	(1, 'HQ', '2.10', 10),
	(1, 'HQ', '2.11', 14),
	(1, 'HQ', '2.12', 6),
	(1, 'HQ', '2.13', 2),
	(1, 'HQ', '2.13a', 24),
	(1, 'HQ', '3.01', 8),
	(1, 'HQ', '3.02', 8),
	(1, 'HQ', '3.03', 8),
	(1, 'HQ', '3.04', 8),
	(1, 'HQ', '3.05', 8),
	(1, 'HQ', '3.06', 8),
	(1, 'HQ', '3.07', 8),
	(1, 'HQ', '3.08', 24),
	(1, 'HQ', '3.09', 8),
	(1, 'HQ', '3.10', 8),
	(1, 'HQ', '3.11', 8),
	(1, 'HQ', '3.12', 2),
	(1, 'HQ', '4.01', 8),
	(1, 'HQ', '4.02', 8),
	(1, 'HQ', '4.03', 8),
	(1, 'HQ', '4.04', 8),
	(1, 'HQ', '4.05', 8),
	(1, 'HQ', '4.06', 8),
	(1, 'HQ', '4.07', 8),
	(1, 'HQ', '4.08', 24),
	(1, 'HQ', '4.09', 8),
	(1, 'HQ', '4.10', 8),
	(1, 'HQ', '4.11', 8),
	(1, 'HQ', '4.12', 8),
	(1, 'JOB141', 'J102', 8),
	(1, 'JOB141', 'J113', 16),
	(1, 'JOB141', 'J128', 24),
	(1, 'NEU54', 'N1', 4),
	(1, 'NEU54', 'N2', 4),
	(1, 'NIX2', 'N1', 8),
	(1, 'NIX2', 'N2', 8),
	(1, 'NIX2', 'N3', 8),
	(1, 'ZU13', 'Z1.1', 14),
	(1, 'ZU13', 'Z1.2', 36),
	(1, 'ZU13', 'Z1.3', 24),
	(1, 'ZU13', 'Z2.1', 36),
	(1, 'ZU13', 'Z2.2', 6),
	(2, 'HQ', '1.01', 0),
	(2, 'HQ', '1.02', 0),
	(2, 'HQ', '1.03', 0),
	(2, 'HQ', '1.04', 0),
	(2, 'HQ', '1.05', 0),
	(2, 'HQ', '1.06', 0),
	(2, 'HQ', '1.08', 0),
	(2, 'HQ', '1.09', 0),
	(2, 'HQ', '1.10', 0),
	(2, 'HQ', '1.11', 0),
	(2, 'HQ', '1.12', 0),
	(2, 'HQ', '1.14', 0),
	(2, 'HQ', '1.15', 0),
	(2, 'HQ', '1.18', 0),
	(2, 'HQ', '1.19', 0),
	(2, 'HQ', '2.01', 0),
	(2, 'HQ', '2.02', 0),
	(2, 'HQ', '2.03', 0),
	(2, 'HQ', '2.04', 0),
	(2, 'HQ', '2.05', 0),
	(2, 'HQ', '2.06', 0),
	(2, 'HQ', '2.07', 0),
	(2, 'HQ', '2.08', 0),
	(2, 'HQ', '2.09', 0),
	(2, 'HQ', '2.10', 0),
	(2, 'HQ', '2.11', 0),
	(2, 'HQ', '2.12', 0),
	(2, 'HQ', '2.13', 0),
	(2, 'HQ', '2.13a', 0),
	(2, 'HQ', '3.01', 0),
	(2, 'HQ', '3.02', 0),
	(2, 'HQ', '3.03', 0),
	(2, 'HQ', '3.04', 0),
	(2, 'HQ', '3.05', 0),
	(2, 'HQ', '3.06', 0),
	(2, 'HQ', '3.07', 0),
	(2, 'HQ', '3.08', 0),
	(2, 'HQ', '3.09', 0),
	(2, 'HQ', '3.10', 0),
	(2, 'HQ', '3.11', 0),
	(2, 'HQ', '3.12', 0),
	(2, 'HQ', '4.01', 0),
	(2, 'HQ', '4.02', 0),
	(2, 'HQ', '4.03', 0),
	(2, 'HQ', '4.04', 0),
	(2, 'HQ', '4.05', 0),
	(2, 'HQ', '4.06', 0),
	(2, 'HQ', '4.07', 0),
	(2, 'HQ', '4.08', 0),
	(2, 'HQ', '4.09', 0),
	(2, 'HQ', '4.10', 0),
	(2, 'HQ', '4.11', 0),
	(2, 'HQ', '4.12', 0),
	(2, 'JOB141', 'J102', 0),
	(2, 'JOB141', 'J113', 0),
	(2, 'JOB141', 'J122', 0),
	(2, 'JOB141', 'J128', 0),
	(2, 'NEU54', 'N1', 0),
	(2, 'NEU54', 'N2', 0),
	(2, 'NIX2', 'N1', 0),
	(2, 'NIX2', 'N2', 0),
	(2, 'NIX2', 'N3', 0),
	(2, 'ZU13', 'Z1.1', 0),
	(2, 'ZU13', 'Z1.2', 0),
	(2, 'ZU13', 'Z1.3', 0),
	(2, 'ZU13', 'Z2.1', 0),
	(2, 'ZU13', 'Z2.2', 0),
	(3, 'HQ', '1.01', 0),
	(3, 'HQ', '1.02', 0),
	(3, 'HQ', '1.03', 0),
	(3, 'HQ', '1.04', 0),
	(3, 'HQ', '1.05', 0),
	(3, 'HQ', '1.06', 0),
	(3, 'HQ', '1.08', 0),
	(3, 'HQ', '1.09', 0),
	(3, 'HQ', '1.10', 0),
	(3, 'HQ', '1.11', 0),
	(3, 'HQ', '1.12', 0),
	(3, 'HQ', '1.14', 0),
	(3, 'HQ', '1.15', 0),
	(3, 'HQ', '1.18', 0),
	(3, 'HQ', '1.19', 0),
	(3, 'HQ', '2.01', 0),
	(3, 'HQ', '2.02', 0),
	(3, 'HQ', '2.03', 0),
	(3, 'HQ', '2.04', 0),
	(3, 'HQ', '2.05', 0),
	(3, 'HQ', '2.06', 0),
	(3, 'HQ', '2.07', 0),
	(3, 'HQ', '2.08', 0),
	(3, 'HQ', '2.09', 0),
	(3, 'HQ', '2.10', 0),
	(3, 'HQ', '2.11', 0),
	(3, 'HQ', '2.12', 0),
	(3, 'HQ', '2.13', 0),
	(3, 'HQ', '2.13a', 0),
	(3, 'HQ', '3.01', 0),
	(3, 'HQ', '3.02', 0),
	(3, 'HQ', '3.03', 0),
	(3, 'HQ', '3.04', 0),
	(3, 'HQ', '3.05', 0),
	(3, 'HQ', '3.06', 0),
	(3, 'HQ', '3.07', 0),
	(3, 'HQ', '3.08', 0),
	(3, 'HQ', '3.09', 0),
	(3, 'HQ', '3.10', 0),
	(3, 'HQ', '3.11', 0),
	(3, 'HQ', '3.12', 0),
	(3, 'HQ', '4.01', 0),
	(3, 'HQ', '4.02', 0),
	(3, 'HQ', '4.03', 0),
	(3, 'HQ', '4.04', 0),
	(3, 'HQ', '4.05', 0),
	(3, 'HQ', '4.06', 0),
	(3, 'HQ', '4.07', 0),
	(3, 'HQ', '4.08', 0),
	(3, 'HQ', '4.09', 0),
	(3, 'HQ', '4.10', 0),
	(3, 'HQ', '4.11', 0),
	(3, 'HQ', '4.12', 0),
	(3, 'JOB141', 'J102', 0),
	(3, 'JOB141', 'J113', 0),
	(3, 'JOB141', 'J122', 0),
	(3, 'JOB141', 'J128', 0),
	(3, 'NEU54', 'N1', 0),
	(3, 'NEU54', 'N2', 0),
	(3, 'NIX2', 'N1', 0),
	(3, 'NIX2', 'N2', 0),
	(3, 'NIX2', 'N3', 0),
	(3, 'ZU13', 'Z1.1', 0),
	(3, 'ZU13', 'Z1.2', 0),
	(3, 'ZU13', 'Z1.3', 0),
	(3, 'ZU13', 'Z2.1', 0),
	(3, 'ZU13', 'Z2.2', 0),
	(4, 'HQ', '1.01', 0),
	(4, 'HQ', '1.02', 0),
	(4, 'HQ', '1.03', 0),
	(4, 'HQ', '1.04', 0),
	(4, 'HQ', '1.05', 0),
	(4, 'HQ', '1.06', 0),
	(4, 'HQ', '1.08', 0),
	(4, 'HQ', '1.09', 0),
	(4, 'HQ', '1.10', 0),
	(4, 'HQ', '1.11', 0),
	(4, 'HQ', '1.12', 0),
	(4, 'HQ', '1.14', 0),
	(4, 'HQ', '1.15', 0),
	(4, 'HQ', '1.18', 0),
	(4, 'HQ', '1.19', 0),
	(4, 'HQ', '2.01', 0),
	(4, 'HQ', '2.02', 0),
	(4, 'HQ', '2.03', 0),
	(4, 'HQ', '2.04', 0),
	(4, 'HQ', '2.05', 0),
	(4, 'HQ', '2.06', 0),
	(4, 'HQ', '2.07', 0),
	(4, 'HQ', '2.08', 0),
	(4, 'HQ', '2.09', 0),
	(4, 'HQ', '2.10', 0),
	(4, 'HQ', '2.11', 0),
	(4, 'HQ', '2.12', 0),
	(4, 'HQ', '2.13', 0),
	(4, 'HQ', '2.13a', 0),
	(4, 'HQ', '3.01', 0),
	(4, 'HQ', '3.02', 0),
	(4, 'HQ', '3.03', 0),
	(4, 'HQ', '3.04', 0),
	(4, 'HQ', '3.05', 0),
	(4, 'HQ', '3.06', 0),
	(4, 'HQ', '3.07', 0),
	(4, 'HQ', '3.08', 0),
	(4, 'HQ', '3.09', 0),
	(4, 'HQ', '3.10', 0),
	(4, 'HQ', '3.11', 0),
	(4, 'HQ', '3.12', 0),
	(4, 'HQ', '4.01', 0),
	(4, 'HQ', '4.02', 0),
	(4, 'HQ', '4.03', 0),
	(4, 'HQ', '4.04', 0),
	(4, 'HQ', '4.05', 0),
	(4, 'HQ', '4.06', 0),
	(4, 'HQ', '4.07', 0),
	(4, 'HQ', '4.08', 0),
	(4, 'HQ', '4.09', 0),
	(4, 'HQ', '4.10', 0),
	(4, 'HQ', '4.11', 0),
	(4, 'HQ', '4.12', 0),
	(4, 'JOB141', 'J102', 0),
	(4, 'JOB141', 'J113', 0),
	(4, 'JOB141', 'J122', 0),
	(4, 'JOB141', 'J128', 0),
	(4, 'NEU54', 'N1', 0),
	(4, 'NEU54', 'N2', 0),
	(4, 'NIX2', 'N1', 0),
	(4, 'NIX2', 'N2', 0),
	(4, 'NIX2', 'N3', 0),
	(4, 'ZU13', 'Z1.1', 0),
	(4, 'ZU13', 'Z1.2', 0),
	(4, 'ZU13', 'Z1.3', 0),
	(4, 'ZU13', 'Z2.1', 0),
	(4, 'ZU13', 'Z2.2', 0),
	(5, 'HQ', '1.01', 0),
	(5, 'HQ', '1.02', 0),
	(5, 'HQ', '1.03', 0),
	(5, 'HQ', '1.04', 0),
	(5, 'HQ', '1.05', 0),
	(5, 'HQ', '1.06', 0),
	(5, 'HQ', '1.08', 0),
	(5, 'HQ', '1.09', 0),
	(5, 'HQ', '1.10', 0),
	(5, 'HQ', '1.11', 0),
	(5, 'HQ', '1.12', 0),
	(5, 'HQ', '1.14', 0),
	(5, 'HQ', '1.15', 0),
	(5, 'HQ', '1.18', 0),
	(5, 'HQ', '1.19', 0),
	(5, 'HQ', '2.01', 0),
	(5, 'HQ', '2.02', 0),
	(5, 'HQ', '2.03', 0),
	(5, 'HQ', '2.04', 0),
	(5, 'HQ', '2.05', 0),
	(5, 'HQ', '2.06', 0),
	(5, 'HQ', '2.07', 0),
	(5, 'HQ', '2.08', 0),
	(5, 'HQ', '2.09', 0),
	(5, 'HQ', '2.10', 0),
	(5, 'HQ', '2.11', 0),
	(5, 'HQ', '2.12', 0),
	(5, 'HQ', '2.13', 0),
	(5, 'HQ', '2.13a', 0),
	(5, 'HQ', '3.01', 0),
	(5, 'HQ', '3.02', 0),
	(5, 'HQ', '3.03', 0),
	(5, 'HQ', '3.04', 0),
	(5, 'HQ', '3.05', 0),
	(5, 'HQ', '3.06', 0),
	(5, 'HQ', '3.07', 0),
	(5, 'HQ', '3.08', 0),
	(5, 'HQ', '3.09', 0),
	(5, 'HQ', '3.10', 0),
	(5, 'HQ', '3.11', 0),
	(5, 'HQ', '3.12', 0),
	(5, 'HQ', '4.01', 0),
	(5, 'HQ', '4.02', 0),
	(5, 'HQ', '4.03', 0),
	(5, 'HQ', '4.04', 0),
	(5, 'HQ', '4.05', 0),
	(5, 'HQ', '4.06', 0),
	(5, 'HQ', '4.07', 0),
	(5, 'HQ', '4.08', 0),
	(5, 'HQ', '4.09', 0),
	(5, 'HQ', '4.10', 0),
	(5, 'HQ', '4.11', 0),
	(5, 'HQ', '4.12', 0),
	(5, 'JOB141', 'J102', 0),
	(5, 'JOB141', 'J113', 0),
	(5, 'JOB141', 'J122', 0),
	(5, 'JOB141', 'J128', 0),
	(5, 'NEU54', 'N1', 0),
	(5, 'NEU54', 'N2', 0),
	(5, 'NIX2', 'N1', 0),
	(5, 'NIX2', 'N2', 0),
	(5, 'NIX2', 'N3', 0),
	(5, 'ZU13', 'Z1.1', 0),
	(5, 'ZU13', 'Z1.2', 0),
	(5, 'ZU13', 'Z1.3', 0),
	(5, 'ZU13', 'Z2.1', 0),
	(5, 'ZU13', 'Z2.2', 0),
	(6, 'HQ', '1.01', 0),
	(6, 'HQ', '1.02', 0),
	(6, 'HQ', '1.03', 0),
	(6, 'HQ', '1.04', 0),
	(6, 'HQ', '1.05', 0),
	(6, 'HQ', '1.06', 0),
	(6, 'HQ', '1.08', 0),
	(6, 'HQ', '1.09', 0),
	(6, 'HQ', '1.10', 0),
	(6, 'HQ', '1.11', 0),
	(6, 'HQ', '1.12', 0),
	(6, 'HQ', '1.14', 0),
	(6, 'HQ', '1.15', 0),
	(6, 'HQ', '1.18', 0),
	(6, 'HQ', '1.19', 0),
	(6, 'HQ', '2.01', 0),
	(6, 'HQ', '2.02', 0),
	(6, 'HQ', '2.03', 0),
	(6, 'HQ', '2.04', 0),
	(6, 'HQ', '2.05', 0),
	(6, 'HQ', '2.06', 0),
	(6, 'HQ', '2.07', 0),
	(6, 'HQ', '2.08', 0),
	(6, 'HQ', '2.09', 0),
	(6, 'HQ', '2.10', 0),
	(6, 'HQ', '2.11', 0),
	(6, 'HQ', '2.12', 0),
	(6, 'HQ', '2.13', 0),
	(6, 'HQ', '2.13a', 0),
	(6, 'HQ', '3.01', 0),
	(6, 'HQ', '3.02', 0),
	(6, 'HQ', '3.03', 0),
	(6, 'HQ', '3.04', 0),
	(6, 'HQ', '3.05', 0),
	(6, 'HQ', '3.06', 0),
	(6, 'HQ', '3.07', 0),
	(6, 'HQ', '3.08', 0),
	(6, 'HQ', '3.09', 0),
	(6, 'HQ', '3.10', 0),
	(6, 'HQ', '3.11', 0),
	(6, 'HQ', '3.12', 0),
	(6, 'HQ', '4.01', 0),
	(6, 'HQ', '4.02', 0),
	(6, 'HQ', '4.03', 0),
	(6, 'HQ', '4.04', 0),
	(6, 'HQ', '4.05', 0),
	(6, 'HQ', '4.06', 0),
	(6, 'HQ', '4.07', 0),
	(6, 'HQ', '4.08', 0),
	(6, 'HQ', '4.09', 0),
	(6, 'HQ', '4.10', 0),
	(6, 'HQ', '4.11', 0),
	(6, 'HQ', '4.12', 0),
	(6, 'JOB141', 'J102', 0),
	(6, 'JOB141', 'J113', 0),
	(6, 'JOB141', 'J122', 0),
	(6, 'JOB141', 'J128', 0),
	(6, 'NEU54', 'N1', 0),
	(6, 'NEU54', 'N2', 0),
	(6, 'NIX2', 'N1', 0),
	(6, 'NIX2', 'N2', 0),
	(6, 'NIX2', 'N3', 0),
	(6, 'ZU13', 'Z1.1', 0),
	(6, 'ZU13', 'Z1.2', 0),
	(6, 'ZU13', 'Z1.3', 0),
	(6, 'ZU13', 'Z2.1', 0),
	(6, 'ZU13', 'Z2.2', 0),
	(7, 'HQ', '1.01', 0),
	(7, 'HQ', '1.02', 0),
	(7, 'HQ', '1.03', 0),
	(7, 'HQ', '1.04', 0),
	(7, 'HQ', '1.05', 0),
	(7, 'HQ', '1.06', 0),
	(7, 'HQ', '1.08', 0),
	(7, 'HQ', '1.09', 0),
	(7, 'HQ', '1.10', 0),
	(7, 'HQ', '1.11', 0),
	(7, 'HQ', '1.12', 0),
	(7, 'HQ', '1.14', 0),
	(7, 'HQ', '1.15', 0),
	(7, 'HQ', '1.18', 0),
	(7, 'HQ', '1.19', 0),
	(7, 'HQ', '2.01', 0),
	(7, 'HQ', '2.02', 0),
	(7, 'HQ', '2.03', 0),
	(7, 'HQ', '2.04', 0),
	(7, 'HQ', '2.05', 0),
	(7, 'HQ', '2.06', 0),
	(7, 'HQ', '2.07', 0),
	(7, 'HQ', '2.08', 0),
	(7, 'HQ', '2.09', 0),
	(7, 'HQ', '2.10', 0),
	(7, 'HQ', '2.11', 0),
	(7, 'HQ', '2.12', 0),
	(7, 'HQ', '2.13', 0),
	(7, 'HQ', '2.13a', 0),
	(7, 'HQ', '3.01', 0),
	(7, 'HQ', '3.02', 0),
	(7, 'HQ', '3.03', 0),
	(7, 'HQ', '3.04', 0),
	(7, 'HQ', '3.05', 0),
	(7, 'HQ', '3.06', 0),
	(7, 'HQ', '3.07', 0),
	(7, 'HQ', '3.08', 0),
	(7, 'HQ', '3.09', 0),
	(7, 'HQ', '3.10', 0),
	(7, 'HQ', '3.11', 0),
	(7, 'HQ', '3.12', 0),
	(7, 'HQ', '4.01', 0),
	(7, 'HQ', '4.02', 0),
	(7, 'HQ', '4.03', 0),
	(7, 'HQ', '4.04', 0),
	(7, 'HQ', '4.05', 0),
	(7, 'HQ', '4.06', 0),
	(7, 'HQ', '4.07', 0),
	(7, 'HQ', '4.08', 0),
	(7, 'HQ', '4.09', 0),
	(7, 'HQ', '4.10', 0),
	(7, 'HQ', '4.11', 0),
	(7, 'HQ', '4.12', 0),
	(7, 'JOB141', 'J102', 0),
	(7, 'JOB141', 'J113', 0),
	(7, 'JOB141', 'J122', 0),
	(7, 'JOB141', 'J128', 0),
	(7, 'NEU54', 'N1', 0),
	(7, 'NEU54', 'N2', 0),
	(7, 'NIX2', 'N1', 0),
	(7, 'NIX2', 'N2', 0),
	(7, 'NIX2', 'N3', 0),
	(7, 'ZU13', 'Z1.1', 0),
	(7, 'ZU13', 'Z1.2', 0),
	(7, 'ZU13', 'Z1.3', 0),
	(7, 'ZU13', 'Z2.1', 0),
	(7, 'ZU13', 'Z2.2', 0),
	(11, 'HQ', '1.01', 0),
	(11, 'HQ', '1.02', 0),
	(11, 'HQ', '1.03', 0),
	(11, 'HQ', '1.04', 0),
	(11, 'HQ', '1.05', 0),
	(11, 'HQ', '1.06', 0),
	(11, 'HQ', '1.08', 0),
	(11, 'HQ', '1.09', 0),
	(11, 'HQ', '1.10', 0),
	(11, 'HQ', '1.11', 0),
	(11, 'HQ', '1.12', 0),
	(11, 'HQ', '1.14', 0),
	(11, 'HQ', '1.15', 0),
	(11, 'HQ', '1.18', 0),
	(11, 'HQ', '1.19', 0),
	(11, 'HQ', '2.01', 0),
	(11, 'HQ', '2.02', 0),
	(11, 'HQ', '2.03', 0),
	(11, 'HQ', '2.04', 0),
	(11, 'HQ', '2.05', 0),
	(11, 'HQ', '2.06', 0),
	(11, 'HQ', '2.07', 0),
	(11, 'HQ', '2.08', 0),
	(11, 'HQ', '2.09', 0),
	(11, 'HQ', '2.10', 0),
	(11, 'HQ', '2.11', 0),
	(11, 'HQ', '2.12', 0),
	(11, 'HQ', '2.13', 0),
	(11, 'HQ', '2.13a', 0),
	(11, 'HQ', '3.01', 0),
	(11, 'HQ', '3.02', 0),
	(11, 'HQ', '3.03', 0),
	(11, 'HQ', '3.04', 0),
	(11, 'HQ', '3.05', 0),
	(11, 'HQ', '3.06', 0),
	(11, 'HQ', '3.07', 0),
	(11, 'HQ', '3.08', 0),
	(11, 'HQ', '3.09', 0),
	(11, 'HQ', '3.10', 0),
	(11, 'HQ', '3.11', 0),
	(11, 'HQ', '3.12', 0),
	(11, 'HQ', '4.01', 0),
	(11, 'HQ', '4.02', 0),
	(11, 'HQ', '4.03', 0),
	(11, 'HQ', '4.04', 0),
	(11, 'HQ', '4.05', 0),
	(11, 'HQ', '4.06', 0),
	(11, 'HQ', '4.07', 0),
	(11, 'HQ', '4.08', 0),
	(11, 'HQ', '4.09', 0),
	(11, 'HQ', '4.10', 0),
	(11, 'HQ', '4.11', 0),
	(11, 'HQ', '4.12', 0),
	(11, 'JOB141', 'J102', 0),
	(11, 'JOB141', 'J113', 0),
	(11, 'JOB141', 'J122', 0),
	(11, 'JOB141', 'J128', 0),
	(11, 'NEU54', 'N1', 0),
	(11, 'NEU54', 'N2', 0),
	(11, 'NIX2', 'N1', 0),
	(11, 'NIX2', 'N2', 0),
	(11, 'NIX2', 'N3', 0),
	(11, 'ZU13', 'Z1.1', 0),
	(11, 'ZU13', 'Z1.2', 0),
	(11, 'ZU13', 'Z1.3', 0),
	(11, 'ZU13', 'Z2.1', 0),
	(11, 'ZU13', 'Z2.2', 0),
	(12, 'HQ', '1.01', 0),
	(12, 'HQ', '1.02', 0),
	(12, 'HQ', '1.03', 0),
	(12, 'HQ', '1.04', 0),
	(12, 'HQ', '1.05', 0),
	(12, 'HQ', '1.06', 0),
	(12, 'HQ', '1.08', 0),
	(12, 'HQ', '1.09', 0),
	(12, 'HQ', '1.10', 0),
	(12, 'HQ', '1.11', 0),
	(12, 'HQ', '1.12', 0),
	(12, 'HQ', '1.14', 0),
	(12, 'HQ', '1.15', 0),
	(12, 'HQ', '1.18', 0),
	(12, 'HQ', '1.19', 0),
	(12, 'HQ', '2.01', 0),
	(12, 'HQ', '2.02', 0),
	(12, 'HQ', '2.03', 0),
	(12, 'HQ', '2.04', 0),
	(12, 'HQ', '2.05', 0),
	(12, 'HQ', '2.06', 0),
	(12, 'HQ', '2.07', 0),
	(12, 'HQ', '2.08', 0),
	(12, 'HQ', '2.09', 0),
	(12, 'HQ', '2.10', 0),
	(12, 'HQ', '2.11', 0),
	(12, 'HQ', '2.12', 0),
	(12, 'HQ', '2.13', 0),
	(12, 'HQ', '2.13a', 0),
	(12, 'HQ', '3.01', 0),
	(12, 'HQ', '3.02', 0),
	(12, 'HQ', '3.03', 0),
	(12, 'HQ', '3.04', 0),
	(12, 'HQ', '3.05', 0),
	(12, 'HQ', '3.06', 0),
	(12, 'HQ', '3.07', 0),
	(12, 'HQ', '3.08', 0),
	(12, 'HQ', '3.09', 0),
	(12, 'HQ', '3.10', 0),
	(12, 'HQ', '3.11', 0),
	(12, 'HQ', '3.12', 0),
	(12, 'HQ', '4.01', 0),
	(12, 'HQ', '4.02', 0),
	(12, 'HQ', '4.03', 0),
	(12, 'HQ', '4.04', 0),
	(12, 'HQ', '4.05', 0),
	(12, 'HQ', '4.06', 0),
	(12, 'HQ', '4.07', 0),
	(12, 'HQ', '4.08', 0),
	(12, 'HQ', '4.09', 0),
	(12, 'HQ', '4.10', 0),
	(12, 'HQ', '4.11', 0),
	(12, 'HQ', '4.12', 0),
	(12, 'JOB141', 'J102', 0),
	(12, 'JOB141', 'J113', 0),
	(12, 'JOB141', 'J122', 0),
	(12, 'JOB141', 'J128', 0),
	(12, 'NEU54', 'N1', 0),
	(12, 'NEU54', 'N2', 0),
	(12, 'NIX2', 'N1', 0),
	(12, 'NIX2', 'N2', 0),
	(12, 'NIX2', 'N3', 0),
	(12, 'ZU13', 'Z1.1', 0),
	(12, 'ZU13', 'Z1.2', 0),
	(12, 'ZU13', 'Z1.3', 0),
	(12, 'ZU13', 'Z2.1', 0),
	(12, 'ZU13', 'Z2.2', 0);
/*!40000 ALTER TABLE `t_anschluesse_raeume` ENABLE KEYS */;

-- Exportiere Struktur von Tabelle learnit.t_ansprechpartner
CREATE TABLE IF NOT EXISTS `t_ansprechpartner` (
  `P_Ansprechpartner_Nr` int(11) NOT NULL AUTO_INCREMENT,
  `Nachname` varchar(255) COLLATE utf8_unicode_ci DEFAULT NULL,
  `Vorname` varchar(255) COLLATE utf8_unicode_ci DEFAULT NULL,
  `Abteilung` varchar(64) COLLATE utf8_unicode_ci DEFAULT NULL,
  `Telefon` int(11) DEFAULT NULL,
  `Mailadresse` varchar(255) COLLATE utf8_unicode_ci DEFAULT NULL,
  `Abteilungsleitung` varchar(128) COLLATE utf8_unicode_ci DEFAULT NULL,
  PRIMARY KEY (`P_Ansprechpartner_Nr`)
) ENGINE=InnoDB AUTO_INCREMENT=54 DEFAULT CHARSET=utf8 COLLATE=utf8_unicode_ci;

-- Exportiere Daten aus Tabelle learnit.t_ansprechpartner: ~46 rows (ungefähr)
/*!40000 ALTER TABLE `t_ansprechpartner` DISABLE KEYS */;
INSERT INTO `t_ansprechpartner` (`P_Ansprechpartner_Nr`, `Nachname`, `Vorname`, `Abteilung`, `Telefon`, `Mailadresse`, `Abteilungsleitung`) VALUES
	(3, 'Weeker', 'Mandy', 'DES', 503, 'm.weekner@learn-it.berlin', 'Lars Glennard'),
	(4, 'Meyer', 'Erwin', 'SUP', 216, 'e.meyer@learn-it.berlin', 'Sarah Huffner'),
	(5, 'Irhan', 'Michaela', 'CAD', 387, 'm.irhan@learn-it.berlin', 'Valeska Duker'),
	(6, 'Paschke', 'Pol', 'NET', 427, 'p.paschke@learn-it.berlin', 'Pol Paschke'),
	(7, 'Assam', 'Ali', 'NET', 972, 'a.mazzassamilli@learn-it.berlin', 'Pol Paschke'),
	(9, 'Duker', 'Valeska', 'CAD', 355, 'v.duker@learn-it.berlin', 'Valeska Duker'),
	(10, 'Landow', 'Manuela', 'SUP', 543, 'm.landow@learn-it.berlin', 'Sarah Huffner'),
	(11, 'Meier', 'Merissa', 'CAD', 772, 'm.meier@learn-it.berlin', 'Valeska Duker'),
	(12, 'Maier', 'Valerie', 'IT', 671, 'v.maier@learn-it.berlin', 'Megan Gärtner'),
	(13, 'Schulze', 'Nils', 'IT', 700, 'n.schulze@learn-it.berlin', 'Megan Gärtner'),
	(15, 'Bleckmoor', 'Franz-Wilhelm', 'CAD', 557, 'f.bleckmoor@learn-it.berlin', 'Valeska Duker'),
	(16, 'Patrick', 'Markus', 'CAD', 195, 'm.patrick@learn-it.berlin', 'Valeska Duker'),
	(17, 'Glennard', 'Lars', 'DES', 467, 'l.glennard@learn-it.berlin', 'Lars Glennard'),
	(18, 'Valer', 'Ercan', 'IT', 906, 'e.valer@learn-it.berlin', 'Megan Gärtner'),
	(19, 'Yuang', 'Yú', 'IT', 617, 'y.yuang@learn-it.berlin', 'Megan Gärtner'),
	(20, 'Legner', 'Ralf', 'CAD', 349, 'r.legner@learn-it.berlin', 'Valeska Duker'),
	(21, 'Orban', 'Marie-Janine', 'DES', 411, 'm.orban@learn-it.berlin', 'Lars Glennard'),
	(22, 'Kennslig', 'Andreas', 'CAD', 756, 'a.kennslig@learn-it.berlin', 'Valeska Duker'),
	(23, 'Gärtner', 'Megan', 'IT', 449, 'm.gaertner@learn-it.berlin', 'Megan Gärtner'),
	(24, 'Schuhmacher', 'Felicitas', 'DES', 715, 'f.schumacher@learn-it.berlin', 'Lars Glennard'),
	(25, 'Holson', 'Siggi', 'SUP', 406, 's.holson@learn-it.berlin', 'Sarah Huffner'),
	(26, 'Eddow', 'Noel', 'CAD', 340, 'n.eddow@learn-it.berlin', 'Valeska Duker'),
	(27, 'Milsacher', 'Michael', 'CAD', 922, 'm.milsacher@learn-it.berlin', 'Valeska Duker'),
	(29, 'Grownik', 'Laureen', 'SUP', 157, 'l.grownik@learn-it.berlin', 'Sarah Huffner'),
	(30, 'Dammer', 'Albert', 'CAD', 668, 'a.dammer@learn-it.berlin', 'Valeska Duker'),
	(31, 'Beyer', 'Patrick', 'CAD', 217, 'p.beyer@learn-it.berlin', 'Valeska Duker'),
	(32, 'Dadonevic', 'Mariliis', 'IT', 391, 'm.dadonevic@learn-it.berlin', 'Megan Gärtner'),
	(33, 'Mabbert', 'Marc', 'NET', 629, 'm.mabbert@learn-it.berlin', 'Pol Paschke'),
	(35, 'Kares', 'Veronika', 'NET', 812, 'v.kares@learn-it.berlin', 'Pol Paschke'),
	(36, 'Krueger', 'Thérèse', 'CAD', 136, 't.krueger@learn-it.berlin', 'Valeska Duker'),
	(37, 'Steines', 'Maria', 'DES', 433, 'm.steines@learn-it.berlin', 'Lars Glennard'),
	(38, 'Pirnshorn', 'Lars', 'IT', 861, 'l.pirnshorn@learn-it.berlin', 'Megan Gärtner'),
	(39, 'Huffner', 'Sarah', 'SUP', 987, 's.huffner@learn-it.berlin', 'Sarah Huffner'),
	(40, 'Woffelsberger', 'Laurel', 'SUP', 832, 'l.woffelsberger@learn-it.berlin', 'Sarah Huffner'),
	(41, 'Albinger', 'Achim', 'SUP', 315, 'a.albinger@learn-it.berlin', 'Sarah Huffner'),
	(43, 'Folt', 'Melodie', 'DES', 366, 'm.folt@learn-it.berlin', 'Lars Glennard'),
	(44, 'Keel', 'Melanie', 'SUP', 874, 'm.keel@learn-it.berlin', 'Sarah Huffner'),
	(45, 'Dominik', 'Leonore', 'NET', 138, 'l.dominik@learn-it.berlin', 'Pol Paschke'),
	(46, 'Dunkelow', 'Melizssa', 'DES', 942, 'm.dunkelow@learn-it.berlin', 'Lars Glennard'),
	(47, 'Attawell', 'Zhì', 'NET', 964, 'z.attawell@learn-it.berlin', 'Pol Paschke'),
	(48, 'Spuffard', 'Göran', 'IT', 544, 'g.spuffard@learn-it.berlin', 'Megan Gärtner'),
	(49, 'Aickmann', 'Margot', 'CAD', 547, 'm.aickmann@learn-it.berlin', 'Valeska Duker'),
	(50, 'McKain', 'Frank', 'CAD', 530, 'f.mckain@learn-it.berlin', 'Valeska Duker'),
	(51, 'Olivelli', 'Oliver', 'DES', 332, 'o.olivelli@learn-it.berlin', 'Lars Glennard'),
	(52, 'Kirwald', 'Lukas', 'IT', 827, 'l.kirwald@learn-it.berlin', 'Megan Gärtner'),
	(53, 'Stienhamn', 'Udo', 'IT', 448, 'u.stienhamn@learn-it.berlin', 'Megan Gärtner');
/*!40000 ALTER TABLE `t_ansprechpartner` ENABLE KEYS */;

-- Exportiere Struktur von Tabelle learnit.t_gebaeude
CREATE TABLE IF NOT EXISTS `t_gebaeude` (
  `P_Gebaeude_Nr` varchar(6) COLLATE utf8_unicode_ci NOT NULL,
  `Bezeichnung` varchar(255) COLLATE utf8_unicode_ci DEFAULT NULL,
  `Hausmeister` varchar(255) COLLATE utf8_unicode_ci DEFAULT NULL,
  `Hausmeister_Telefon` varchar(32) COLLATE utf8_unicode_ci DEFAULT NULL,
  PRIMARY KEY (`P_Gebaeude_Nr`)
) ENGINE=InnoDB DEFAULT CHARSET=utf8 COLLATE=utf8_unicode_ci;

-- Exportiere Daten aus Tabelle learnit.t_gebaeude: ~5 rows (ungefähr)
/*!40000 ALTER TABLE `t_gebaeude` DISABLE KEYS */;
INSERT INTO `t_gebaeude` (`P_Gebaeude_Nr`, `Bezeichnung`, `Hausmeister`, `Hausmeister_Telefon`) VALUES
	('HQ', 'Hauptgebäude (Zusestr. 19)', 'Hr. Berger', '+49 179 1575 5744'),
	('JOB141', 'Steve-Jobs-Weg 141a', 'Hr. Deppe', '+49 179 1575 5739'),
	('NEU54', 'Von-Neumann-Damm 54', 'Hr. Stallmann', '+49 179 1575 5735'),
	('NIX2', 'Nixdorf-Allee 2', 'Hr. Jansen', '+49 179 1575 5732'),
	('ZU13', 'Zusestraße 13', 'Hr. Berger', '+49 179 1575 5744');
/*!40000 ALTER TABLE `t_gebaeude` ENABLE KEYS */;

-- Exportiere Struktur von Tabelle learnit.t_geraete
CREATE TABLE IF NOT EXISTS `t_geraete` (
  `P_Inventar_Nr` int(11) NOT NULL AUTO_INCREMENT,
  `Kaufdatum` date DEFAULT NULL,
  `Seriennummer` varchar(255) COLLATE utf8_unicode_ci DEFAULT NULL,
  `Funktional` bit(1) DEFAULT NULL,
  `Kommentar` varchar(255) COLLATE utf8_unicode_ci DEFAULT NULL,
  `Kaufpreis_Netto` decimal(7,2) DEFAULT NULL,
  `Garantieablauf` date DEFAULT NULL,
  `F_Switch_Hostname` varchar(45) COLLATE utf8_unicode_ci DEFAULT NULL,
  `F_Geraetetyp_Nr` int(11) NOT NULL,
  `F_Gebaeude_Nr` varchar(6) COLLATE utf8_unicode_ci DEFAULT NULL,
  `F_Raum_Nr` varchar(12) COLLATE utf8_unicode_ci DEFAULT NULL,
  PRIMARY KEY (`P_Inventar_Nr`),
  UNIQUE KEY `Seriennummer_UNIQUE` (`Seriennummer`),
  KEY `FK_t_geraete_t_geraetetypen` (`F_Geraetetyp_Nr`),
  KEY `FK_t_geraete_t_raeume` (`F_Gebaeude_Nr`,`F_Raum_Nr`),
  KEY `FK_t_geraete_t_switches` (`F_Switch_Hostname`),
  CONSTRAINT `FK_t_geraete_t_geraetetypen` FOREIGN KEY (`F_Geraetetyp_Nr`) REFERENCES `t_geraetetypen` (`P_Geraetetyp_Nr`) ON UPDATE CASCADE,
  CONSTRAINT `FK_t_geraete_t_raeume` FOREIGN KEY (`F_Gebaeude_Nr`, `F_Raum_Nr`) REFERENCES `t_raeume` (`PF_Gebaeude_Nr`, `P_Raum_Nr`) ON UPDATE CASCADE,
  CONSTRAINT `FK_t_geraete_t_switches` FOREIGN KEY (`F_Switch_Hostname`) REFERENCES `t_switches` (`P_Hostname`)
) ENGINE=InnoDB AUTO_INCREMENT=107281 DEFAULT CHARSET=utf8 COLLATE=utf8_unicode_ci;

-- Exportiere Daten aus Tabelle learnit.t_geraete: ~586 rows (ungefähr)
/*!40000 ALTER TABLE `t_geraete` DISABLE KEYS */;
INSERT INTO `t_geraete` (`P_Inventar_Nr`, `Kaufdatum`, `Seriennummer`, `Funktional`, `Kommentar`, `Kaufpreis_Netto`, `Garantieablauf`, `F_Switch_Hostname`, `F_Geraetetyp_Nr`, `F_Gebaeude_Nr`, `F_Raum_Nr`) VALUES
	(100001, '2013-01-14', 'XBY161853', b'1', '', 920.00, '2015-01-13', 'ZU-EX2200-01', 9, 'ZU13', 'Z1.3'),
	(100003, '2013-01-14', '2461166609', b'1', '', 633.00, '2015-01-13', NULL, 19, 'ZU13', 'Z1.3'),
	(100004, '2013-01-14', '2790201013', b'1', '', 633.00, '2015-01-13', 'ZU-EX2200-01', 19, 'ZU13', 'Z1.3'),
	(100005, '2013-01-14', '3338747764', b'1', 'Versorgung Etage 2', 633.00, '2015-01-13', 'ZU-EX2200-01', 19, 'ZU13', 'Z1.3'),
	(101006, '2016-03-03', '8XRWR42V', b'1', '', 5400.00, '2019-04-13', NULL, 15, 'HQ', '1.18'),
	(101007, '2016-03-03', 'SFXGM3FM', b'1', '', 7000.00, '2020-03-02', 'HQ11-3600-02', 68, 'HQ', '1.18'),
	(101008, '2016-03-03', 'YH23TDXI', b'1', '', 3470.00, '2017-03-02', 'HQ11-3600-02', 70, 'HQ', '1.18'),
	(101009, '2016-03-03', 'W3CPYQXB', b'1', '', 3470.00, '2017-03-02', 'HQ11-3600-02', 70, 'HQ', '1.18'),
	(101010, '2016-03-03', '059P4MUK', b'1', '+64G', 3826.00, '2017-03-02', 'HQ11-3600-02', 70, 'HQ', '1.18'),
	(101011, '2016-03-03', '0S1MLA3O', b'1', '+64G', 3826.00, '2017-03-02', 'HQ11-3600-02', 70, 'HQ', '1.18'),
	(101012, '2016-03-03', 'KWS8827KS', b'1', '', 18520.00, '2018-03-02', 'HQ11-3600-02', 72, 'HQ', '1.18'),
	(101013, '2016-04-11', 'AGD199920', b'1', '', 3100.00, '2018-04-11', 'HQ11-9500-01', 8, 'HQ', '1.19'),
	(101015, '2016-04-11', 'TXU752374', b'1', '', 809.00, '2018-04-11', 'NEU-EX3300-01', 9, 'NEU54', 'N1'),
	(101016, '2016-04-11', '6645883692', b'1', '', 855.00, '2018-04-11', NULL, 21, 'NEU54', 'N1'),
	(101255, '2016-08-08', 'MJNWN7KP37', b'1', 'Austausch Workstations HQ', 620.00, '2018-08-08', 'HQ13-3650-02', 51, 'HQ', '1.14'),
	(101256, '2016-08-08', 'J7JGI7L9YC', b'1', 'Austausch Workstations HQ', 620.00, '2018-08-08', 'HQ13-3650-02', 51, 'HQ', '1.15'),
	(101257, '2016-08-08', '6I3KM7DAHN', b'1', 'Austausch Workstations HQ', 620.00, '2018-08-08', 'HQ13-3650-02', 51, 'HQ', '1.15'),
	(101258, '2016-08-08', '942CS6B3K9', b'1', 'Austausch Workstations HQ', 620.00, '2018-08-08', 'HQ13-3650-02', 51, 'HQ', '1.15'),
	(101259, '2016-08-08', 'N2MSZ17TDF', b'1', 'Austausch Workstations HQ', 620.00, '2018-08-08', 'HQ13-3650-02', 51, 'HQ', '1.15'),
	(101260, '2016-08-08', 'ZG3XA3IVEG', b'1', 'Austausch Workstations HQ', 620.00, '2018-08-08', 'HQ13-3650-01', 51, 'HQ', '1.01'),
	(101261, '2016-08-08', '3U3BC6FKWO', b'1', 'Austausch Workstations HQ', 620.00, '2018-08-08', 'HQ13-3650-01', 51, 'HQ', '1.02'),
	(101262, '2016-08-08', 'BA1SK9VT86', b'1', 'Austausch Workstations HQ', 620.00, '2018-08-08', 'HQ13-3650-01', 51, 'HQ', '1.03'),
	(101263, '2016-08-08', 'N7TTS1S3G3', b'1', 'Austausch Workstations HQ', 620.00, '2018-08-08', 'HQ13-3650-01', 51, 'HQ', '1.04'),
	(101265, '2016-08-08', 'KDGOR93T5X', b'1', 'Smartboard-PC, Austausch Workstations HQ', 620.00, '2018-08-08', 'HQ13-3650-01', 51, 'HQ', '1.05'),
	(101266, '2016-08-08', '0VIZQ9CEO2', b'1', 'Austausch Workstations HQ', 620.00, '2018-08-08', 'HQ13-3650-01', 51, 'HQ', '1.05'),
	(101267, '2016-08-08', 'B9VHH33TCL', b'1', 'Austausch Workstations HQ', 620.00, '2018-08-08', 'HQ21-2960X-02', 51, 'HQ', '2.05'),
	(101268, '2016-08-08', '4DSXA4RI5L', b'1', 'Austausch Workstations HQ', 620.00, '2018-08-08', 'HQ21-2960X-02', 51, 'HQ', '2.05'),
	(101269, '2016-08-08', 'C64YO591IW', b'1', 'Austausch Workstations HQ', 620.00, '2018-08-08', 'HQ21-2960X-02', 51, 'HQ', '2.05'),
	(101270, '2016-08-08', 'TNQDT5K21M', b'1', 'Austausch Workstations HQ', 620.00, '2018-08-08', 'HQ21-2960X-02', 51, 'HQ', '2.05'),
	(101271, '2016-08-08', 'K94HT76J6X', b'1', 'Austausch Workstations HQ', 620.00, '2018-08-08', 'HQ13-3650-02', 51, 'HQ', '1.09'),
	(101272, '2016-08-08', '8UBZC0P8FJ', b'1', 'Austausch Workstations HQ', 620.00, '2018-08-08', 'HQ13-3650-02', 51, 'HQ', '1.09'),
	(101273, '2016-08-08', '2A5PV67LZR', b'1', 'Austausch Workstations HQ', 620.00, '2018-08-08', 'HQ13-3650-02', 51, 'HQ', '1.09'),
	(101274, '2016-08-08', 'YBQYQ4LRQ0', b'1', 'Austausch Workstations HQ', 620.00, '2018-08-08', 'HQ13-3650-02', 51, 'HQ', '1.12'),
	(101275, '2016-08-10', 'GBH109557', b'1', '', 1665.00, '2018-08-10', NULL, 1, 'NIX2', 'N1'),
	(101276, '2016-08-10', 'SYQ285302', b'1', '', 910.00, '2018-08-10', 'NIX-2960X-01', 9, 'NIX2', 'N1'),
	(105404, '2017-02-09', 'KNK887383', b'1', 'mit Garantieerweiterung +24', 5333.00, '2019-02-08', 'HQ11-3600-02', 81, 'HQ', '4.08'),
	(105405, '2017-02-09', 'NDJ984112', b'1', '', 83.00, '2019-02-08', 'HQ21-3650-05', 82, 'HQ', '1.14'),
	(105406, '2017-02-09', 'WID981524', b'1', '', 83.00, '2019-02-08', 'HQ21-3650-05', 82, 'HQ', '1.15'),
	(105407, '2017-02-09', 'AMC183798', b'1', '', 83.00, '2019-02-08', 'HQ21-3650-05', 82, 'HQ', '1.01'),
	(105408, '2017-02-09', 'KJW919998', b'1', 'Referenten-Platz', 83.00, '2019-02-08', 'HQ21-3650-05', 82, 'HQ', '2.01'),
	(105409, '2017-02-09', 'APW509456', b'1', 'Arbeitsplatz 1', 83.00, '2019-02-08', 'HQ41-3650-01', 82, 'HQ', '4.01'),
	(105410, '2017-02-09', 'AML607283', b'1', 'Arbeitsplatz 2', 83.00, '2019-02-08', 'HQ41-3650-01', 82, 'HQ', '4.01'),
	(105411, '2017-02-09', 'XGJ110282', b'1', '', 83.00, '2019-02-08', 'HQ21-3650-05', 82, 'HQ', '1.02'),
	(105412, '2017-02-09', 'LNX988822', b'1', 'Referenten-Platz', 83.00, '2019-02-08', 'HQ21-3650-05', 82, 'HQ', '2.02'),
	(105413, '2017-02-09', 'BDH041816', b'1', 'Arbeitsplatz 1', 83.00, '2019-02-08', 'HQ31-3650-01', 82, 'HQ', '3.02'),
	(105414, '2017-02-09', 'SLM585366', b'1', 'Arbeitsplatz 2', 83.00, '2019-02-08', 'HQ31-3650-01', 82, 'HQ', '3.02'),
	(105415, '2017-02-09', 'IXC923572', b'1', 'Arbeitsplatz 3', 83.00, '2019-02-08', 'HQ31-3650-01', 82, 'HQ', '3.02'),
	(105416, '2017-02-09', 'HQD895753', b'1', 'Arbeitsplatz 4', 83.00, '2019-02-08', 'HQ31-3650-01', 82, 'HQ', '3.02'),
	(105417, '2017-02-09', 'KQN999118', b'1', 'Arbeitsplatz 1', 83.00, '2019-02-08', 'HQ41-3650-01', 82, 'HQ', '4.02'),
	(105418, '2017-02-09', 'BMT661608', b'1', 'Arbeitsplatz 2', 83.00, '2019-02-08', 'HQ41-3650-01', 82, 'HQ', '4.02'),
	(105419, '2017-02-09', 'TWL603043', b'1', '', 83.00, '2019-02-08', 'HQ21-3650-05', 82, 'HQ', '1.03'),
	(105420, '2017-02-09', 'NQT557942', b'1', 'Referenten-Platz', 83.00, '2019-02-08', 'HQ21-3650-05', 82, 'HQ', '2.03'),
	(105421, '2017-02-09', 'BRZ234999', b'1', 'Arbeitsplatz 1', 83.00, '2019-02-08', 'HQ31-3650-01', 82, 'HQ', '3.03'),
	(105422, '2017-02-09', 'LGB415214', b'1', 'Arbeitsplatz 2', 83.00, '2019-02-08', 'HQ31-3650-01', 82, 'HQ', '3.03'),
	(105423, '2017-02-09', 'RSR424045', b'1', 'Arbeitsplatz 3', 83.00, '2019-02-08', 'HQ31-3650-01', 82, 'HQ', '3.03'),
	(105424, '2017-02-09', 'CTP350845', b'1', 'Arbeitsplatz 4', 83.00, '2019-02-08', 'HQ31-3650-01', 82, 'HQ', '3.03'),
	(105425, '2017-02-09', 'SYF626825', b'1', 'Arbeitsplatz 1', 83.00, '2019-02-08', 'HQ41-3650-01', 82, 'HQ', '4.03'),
	(105426, '2017-02-09', 'PDW934154', b'1', 'Arbeitsplatz 2', 83.00, '2019-02-08', 'HQ41-3650-01', 82, 'HQ', '4.03'),
	(105427, '2017-02-09', 'XCP758089', b'1', '', 83.00, '2019-02-08', 'HQ21-3650-05', 82, 'HQ', '1.04'),
	(105429, '2017-02-09', 'RTC893324', b'1', 'Referenten-Platz', 83.00, '2019-02-08', 'HQ21-3650-05', 82, 'HQ', '2.04'),
	(105430, '2017-02-09', 'FVJ960103', b'1', 'Arbeitsplatz 1', 83.00, '2019-02-08', 'HQ31-3650-01', 82, 'HQ', '3.04'),
	(105431, '2017-02-09', 'RKW828010', b'1', 'Arbeitsplatz 2', 83.00, '2019-02-08', 'HQ31-3650-01', 82, 'HQ', '3.04'),
	(105432, '2017-02-09', 'ICG062591', b'1', 'Arbeitsplatz 3', 83.00, '2019-02-08', 'HQ31-3650-01', 82, 'HQ', '3.04'),
	(105433, '2017-02-09', 'BMK934104', b'1', 'Arbeitsplatz 4', 83.00, '2019-02-08', 'HQ31-3650-01', 82, 'HQ', '3.04'),
	(105434, '2017-02-09', 'STD694329', b'1', 'Arbeitsplatz 1', 83.00, '2019-02-08', 'HQ41-3650-01', 82, 'HQ', '4.04'),
	(105435, '2017-02-09', 'AWC761044', b'1', 'Arbeitsplatz 2', 83.00, '2019-02-08', 'HQ41-3650-01', 82, 'HQ', '4.04'),
	(105436, '2017-02-09', 'LFZ572291', b'1', '', 83.00, '2019-02-08', 'HQ21-3650-05', 82, 'HQ', '1.05'),
	(105437, '2017-02-09', 'GQS680663', b'1', '', 83.00, '2019-02-08', 'HQ21-3650-05', 82, 'HQ', '2.05'),
	(105438, '2017-02-09', 'VHU606882', b'1', 'Arbeitsplatz 1', 83.00, '2019-02-08', 'HQ31-3650-01', 82, 'HQ', '3.05'),
	(105439, '2017-02-09', 'LOZ618272', b'1', 'Arbeitsplatz 2', 83.00, '2019-02-08', 'HQ31-3650-01', 82, 'HQ', '3.05'),
	(105440, '2017-02-09', 'YJP212842', b'1', 'Arbeitsplatz 3', 83.00, '2019-02-08', 'HQ31-3650-01', 82, 'HQ', '3.05'),
	(105441, '2017-02-09', 'SXT621634', b'1', 'Arbeitsplatz 4', 83.00, '2019-02-08', 'HQ31-3650-01', 82, 'HQ', '3.05'),
	(105442, '2017-02-09', 'YLO542051', b'1', 'Arbeitsplatz 1', 83.00, '2019-02-08', 'HQ41-3650-01', 82, 'HQ', '4.05'),
	(105443, '2017-02-09', 'RCY350890', b'1', 'Arbeitsplatz 2', 83.00, '2019-02-08', 'HQ41-3650-01', 82, 'HQ', '4.05'),
	(105444, '2017-02-09', 'QYD841058', b'1', '', 83.00, '2019-02-08', 'HQ21-3650-05', 82, 'HQ', '1.06'),
	(105445, '2017-02-09', 'JNC942187', b'1', '', 83.00, '2019-02-08', 'HQ21-3650-05', 82, 'HQ', '1.06'),
	(105446, '2017-02-09', 'YMW878051', b'1', 'Referenten-Platz', 83.00, '2019-02-08', 'HQ21-3650-05', 82, 'HQ', '2.06'),
	(105447, '2017-02-09', 'SNV078299', b'1', 'Arbeitsplatz 1', 83.00, '2019-02-08', 'HQ31-3650-01', 82, 'HQ', '3.06'),
	(105448, '2017-02-09', 'BRI013543', b'1', 'Arbeitsplatz 2', 83.00, '2019-02-08', 'HQ31-3650-01', 82, 'HQ', '3.06'),
	(105449, '2017-02-09', 'XUQ607557', b'1', 'Arbeitsplatz 3', 83.00, '2019-02-08', 'HQ31-3650-01', 82, 'HQ', '3.06'),
	(105450, '2017-02-09', 'QVK680270', b'1', 'Arbeitsplatz 1', 83.00, '2019-02-08', 'HQ41-3650-01', 82, 'HQ', '4.06'),
	(105452, '2017-02-09', 'GTM936441', b'1', 'Arbeitsplatz 2', 83.00, '2019-02-08', 'HQ41-3650-01', 82, 'HQ', '4.06'),
	(105453, '2017-02-09', 'UFZ722819', b'1', 'Referenten-Platz', 83.00, '2019-02-08', 'HQ21-3650-05', 82, 'HQ', '2.07'),
	(105454, '2017-02-09', 'YRU372484', b'1', 'Arbeitsplatz 1', 83.00, '2019-02-08', 'HQ31-3650-01', 82, 'HQ', '3.07'),
	(105455, '2017-02-09', 'ZDW658306', b'1', 'Arbeitsplatz 2', 83.00, '2019-02-08', 'HQ31-3650-01', 82, 'HQ', '3.07'),
	(105456, '2017-02-09', 'IKV971181', b'1', 'Arbeitsplatz 3', 83.00, '2019-02-08', 'HQ31-3650-01', 82, 'HQ', '3.07'),
	(105457, '2017-02-09', 'YWE062017', b'1', 'Arbeitsplatz 1', 83.00, '2019-02-08', 'HQ41-3650-01', 82, 'HQ', '4.07'),
	(105458, '2017-02-09', 'WGL624870', b'1', 'Arbeitsplatz 2', 83.00, '2019-02-08', 'HQ41-3650-01', 82, 'HQ', '4.07'),
	(105459, '2017-02-09', 'OGT687233', b'1', 'Referenten-Platz', 83.00, '2019-02-08', 'HQ21-3650-05', 82, 'HQ', '2.08'),
	(105460, '2017-02-09', 'ELA537888', b'1', '', 83.00, '2019-02-08', 'HQ21-3650-05', 82, 'HQ', '1.09'),
	(105461, '2017-02-09', 'NCO456670', b'1', 'Referenten-Platz', 83.00, '2019-02-08', 'HQ21-3650-05', 82, 'HQ', '2.09'),
	(105464, '2017-02-09', 'UVT880889', b'1', 'Arbeitsplatz 1', 83.00, '2019-02-08', 'HQ31-3650-01', 82, 'HQ', '3.09'),
	(105465, '2017-02-09', 'GPF629405', b'1', 'Arbeitsplatz 2', 83.00, '2019-02-08', 'HQ31-3650-01', 82, 'HQ', '3.09'),
	(105466, '2017-02-09', 'IWF058184', b'1', 'Arbeitsplatz 3', 83.00, '2019-02-08', 'HQ31-3650-01', 82, 'HQ', '3.09'),
	(105467, '2017-02-09', 'FFR467230', b'1', '', 83.00, '2019-02-08', 'HQ21-3650-05', 82, 'HQ', '1.10'),
	(105468, '2017-02-09', 'RDL062297', b'1', 'Referenten-Platz', 83.00, '2019-02-08', 'HQ21-3650-05', 82, 'HQ', '2.10'),
	(105469, '2017-02-09', 'GJI272013', b'1', 'Arbeitsplatz 1', 83.00, '2019-02-08', 'HQ31-3650-01', 82, 'HQ', '3.10'),
	(105470, '2017-02-09', 'KTO948585', b'1', 'Arbeitsplatz 2', 83.00, '2019-02-08', 'HQ31-3650-01', 82, 'HQ', '3.10'),
	(105471, '2017-02-09', 'HLG047844', b'1', 'Arbeitsplatz 3', 83.00, '2019-02-08', 'HQ31-3650-01', 82, 'HQ', '3.10'),
	(105472, '2017-02-09', 'UBW835797', b'1', 'Arbeitsplatz 4', 83.00, '2019-02-08', 'HQ31-3650-01', 82, 'HQ', '3.10'),
	(105473, '2017-02-09', 'GPN975370', b'1', '', 83.00, '2019-02-08', 'HQ21-3650-05', 82, 'HQ', '1.11'),
	(105474, '2017-02-09', 'NRW712277', b'1', 'Referenten-Platz', 83.00, '2019-02-08', 'HQ21-3650-05', 82, 'HQ', '2.11'),
	(105475, '2017-02-09', 'NSX682455', b'1', 'Arbeitsplatz 1', 83.00, '2019-02-08', 'HQ31-3650-01', 82, 'HQ', '3.11'),
	(105476, '2017-02-09', 'MVB709658', b'1', 'Arbeitsplatz 2', 83.00, '2019-02-08', 'HQ31-3650-01', 82, 'HQ', '3.11'),
	(105477, '2017-02-09', 'PZR278639', b'1', 'Arbeitsplatz 3', 83.00, '2019-02-08', 'HQ31-3650-01', 82, 'HQ', '3.11'),
	(105478, '2017-02-09', 'GMK447201', b'1', 'Arbeitsplatz 4', 83.00, '2019-02-08', 'HQ31-3650-01', 82, 'HQ', '3.11'),
	(105479, '2017-02-09', 'TAI157624', b'1', '', 83.00, '2019-02-08', 'HQ21-3650-05', 82, 'HQ', '1.12'),
	(105480, '2017-02-09', 'ENU358657', b'1', 'Referenten-Platz', 83.00, '2019-02-08', 'HQ21-3650-05', 82, 'HQ', '2.12'),
	(105481, '2017-02-09', 'SEB078855', b'1', 'Aus Anschaffung Februar 17', 83.00, '2019-02-08', 'JOB-3850-01', 82, 'JOB141', 'J102'),
	(105482, '2017-02-09', 'WEX430426', b'1', 'Aus Anschaffung Februar 17', 83.00, '2019-02-08', 'JOB-3850-01', 82, 'JOB141', 'J113'),
	(105483, '2017-02-09', 'PWG945440', b'1', '', 83.00, '2019-02-08', 'NEU-EX3300-01', 82, 'NEU54', 'N1'),
	(105484, '2017-02-09', 'MVL130723', b'1', '', 83.00, '2019-02-08', 'NEU-EX3300-01', 82, 'NEU54', 'N2'),
	(105485, '2017-02-09', 'HZJ593114', b'1', '', 83.00, '2019-02-08', 'NIX-2960X-01', 82, 'NIX2', 'N1'),
	(105486, '2017-02-09', 'GZU972275', b'1', '', 83.00, '2019-02-08', 'NIX-2960X-01', 82, 'NIX2', 'N2'),
	(105487, '2017-02-09', 'HWG452493', b'1', '', 83.00, '2019-02-08', 'NIX-2960X-01', 82, 'NIX2', 'N3'),
	(105488, '2017-02-09', 'COX142316', b'1', 'Referenten-Platz', 83.00, '2019-02-08', 'ZU-EX2200-01', 82, 'ZU13', 'Z1.2'),
	(105489, '2017-02-09', 'AXC350181', b'1', 'Referenten-Platz', 83.00, '2019-02-08', 'ZU-EX2200-03', 82, 'ZU13', 'Z2.1'),
	(105490, '2017-02-09', 'LKY897461', b'1', '', 708.00, '2019-02-08', 'ZU-EX2200-03', 83, 'ZU13', 'Z2.2'),
	(105491, '2017-02-09', 'JQF819462', b'1', 'Arbeitsplatz 1', 243.00, '2019-02-08', 'HQ31-3650-01', 84, 'HQ', '3.01'),
	(105492, '2017-02-09', 'HEM981540', b'1', 'Arbeitsplatz 2', 243.00, '2019-02-08', 'HQ31-3650-01', 84, 'HQ', '3.01'),
	(105493, '2017-02-09', 'SWC855180', b'1', 'Arbeitsplatz 3', 243.00, '2019-02-08', 'HQ31-3650-01', 84, 'HQ', '3.01'),
	(105495, '2017-02-09', 'ORF971669', b'0', 'Arbeitsplatz 1', 243.00, '2019-02-08', 'HQ41-3650-01', 84, 'HQ', '4.10'),
	(105496, '2017-02-09', 'ECJ867267', b'1', 'Arbeitsplatz 1', 243.00, '2019-02-08', 'HQ41-3650-01', 84, 'HQ', '4.11'),
	(105497, '2017-02-09', 'FUG864910', b'1', 'Arbeitsplatz 1', 243.00, '2019-02-08', 'HQ41-3650-01', 84, 'HQ', '4.12'),
	(105498, '2017-02-09', 'ECS4494825', b'1', 'Referenten-Platz', 205.00, '2019-02-09', 'ZU-EX2200-01', 92, 'ZU13', 'Z1.2'),
	(105499, '2017-02-09', 'ECS0186095', b'1', 'Referenten-Platz', 205.00, '2019-02-09', 'ZU-EX2200-03', 92, 'ZU13', 'Z2.1'),
	(105777, '2017-05-17', 'UG2FT9PO4N', b'1', 'Erstausstattung JOB141', 422.00, '2019-05-17', 'JOB-3850-01', 35, 'JOB141', 'J102'),
	(105778, '2017-05-17', '2CLNB2F62S', b'1', 'Erstausstattung JOB141', 422.00, '2019-05-17', 'JOB-3850-01', 35, 'JOB141', 'J113'),
	(105779, '2017-05-17', 'TMAHK5GC9F', b'1', 'Erstausstattung JOB141', 422.00, '2019-05-17', 'JOB-3850-01', 35, 'JOB141', 'J113'),
	(105781, '2017-05-17', 'HHYHF24ENL', b'1', 'Erstausstattung JOB141', 422.00, '2019-05-17', 'JOB-3850-01', 35, 'JOB141', 'J113'),
	(105782, '2017-05-17', '90ARR7SO16', b'1', 'Erstausstattung JOB141', 422.00, '2019-05-17', 'JOB-3850-01', 35, 'JOB141', 'J113'),
	(105783, '2017-05-17', '8JRQI4K7HG', b'1', 'Erstausstattung JOB141', 422.00, '2019-05-17', 'JOB-3850-01', 35, 'JOB141', 'J113'),
	(105784, '2017-05-17', 'RWORC3OKFM', b'1', 'Erstausstattung JOB141', 422.00, '2019-05-17', 'JOB-3850-01', 35, 'JOB141', 'J113'),
	(105785, '2017-05-17', '6IPDR856W6', b'1', 'Erstausstattung JOB141', 422.00, '2019-05-17', 'JOB-3850-01', 35, 'JOB141', 'J113'),
	(105786, '2017-05-17', 'YTSWV05LL5', b'1', 'Erstausstattung JOB141', 422.00, '2019-05-17', 'JOB-3850-01', 35, 'JOB141', 'J113'),
	(105787, '2017-05-17', '3K5CB8GGE5', b'1', 'Erstausstattung JOB141', 422.00, '2019-05-17', 'JOB-3850-01', 35, 'JOB141', 'J113'),
	(105788, '2017-05-22', 'ECS7918931', b'1', 'Erstausstattung JOB141', 219.00, '2019-05-22', 'JOB-3850-01', 92, 'JOB141', 'J102'),
	(105789, '2017-05-22', 'ECS9737870', b'1', 'Erstausstattung JOB141', 219.00, '2019-05-22', 'JOB-3850-01', 92, 'JOB141', 'J113'),
	(105790, '2017-05-23', 'YGI283350', b'1', 'Erstausstattung JOB141', 722.00, '2019-05-23', 'JOB-3850-01', 9, 'JOB141', 'J128'),
	(105791, '2017-06-12', 'SIW108434', b'1', '', 1711.00, '2019-06-12', 'HQ11-9500-01', 1, 'HQ', '2.13a'),
	(105792, '2017-06-12', 'NFV714345', b'1', '', 1711.00, '2019-06-12', 'HQ11-9500-01', 1, 'HQ', '2.13a'),
	(105793, '2017-06-12', 'EKG813972', b'1', '', 2633.00, '2019-06-12', 'HQ11-9500-01', 2, 'HQ', '1.19'),
	(105794, '2017-06-12', 'RNA178508', b'1', '', 2633.00, '2019-06-12', 'HQ11-9500-01', 2, 'HQ', '1.19'),
	(105795, '2017-06-12', 'WRL009029', b'1', '', 2633.00, '2019-06-12', 'HQ11-9500-01', 2, 'HQ', '1.19'),
	(105796, '2017-06-12', 'PFE181878', b'1', '', 2633.00, '2019-06-12', 'HQ11-9500-01', 2, 'HQ', '2.13a'),
	(105797, '2017-06-12', 'MON918978', b'1', '', 2633.00, '2019-06-12', 'HQ11-9500-01', 2, 'HQ', '2.13a'),
	(105798, '2017-06-12', 'ROW349577', b'1', '', 2633.00, '2019-06-12', 'HQ11-9500-01', 2, 'HQ', '3.08'),
	(105800, '2017-06-12', 'EFF514851', b'1', '', 2633.00, '2019-06-12', 'HQ11-9500-01', 2, 'HQ', '3.08'),
	(105801, '2017-06-12', 'FNM080437', b'1', '', 2633.00, '2019-06-12', 'HQ11-9500-01', 2, 'HQ', '3.08'),
	(105802, '2017-06-12', 'OXH370098', b'1', '', 2633.00, '2019-06-12', 'HQ11-9500-01', 2, 'HQ', '4.08'),
	(105804, '2017-06-12', 'WJR293720', b'1', '', 2633.00, '2019-06-12', 'HQ11-9500-01', 2, 'HQ', '4.08'),
	(105805, '2017-06-12', 'FPR032694', b'1', '', 2834.00, '2019-06-12', 'HQ11-9500-01', 8, 'HQ', '1.19'),
	(105806, '2017-07-05', '602N952A', b'1', '', 1320.00, '2018-07-04', 'HQ11-3600-02', 69, 'HQ', '1.18'),
	(105807, '2017-07-05', 'WT98N6L0', b'1', '', 1320.00, '2018-07-04', 'HQ11-3600-02', 69, 'HQ', '1.18'),
	(105808, '2017-07-05', '1S86Q5R4', b'1', '', 1320.00, '2018-07-04', 'HQ11-3600-02', 69, 'HQ', '1.18'),
	(106782, '2017-09-12', 'GKZPWYV8', b'1', '', 1360.00, '2018-09-11', 'HQ11-3600-02', 69, 'HQ', '1.18'),
	(106783, '2017-09-12', 'IWY2NTSI', b'1', '', 1360.00, '2018-09-11', 'HQ11-3600-02', 69, 'HQ', '1.18'),
	(106784, '2017-09-19', 'LHUZC5666I', b'1', 'Arbeitsplatz 1', 398.00, '2019-09-19', 'HQ21-2960X-01', 35, 'HQ', '2.01'),
	(106785, '2017-09-19', '9YWNL4XPCV', b'1', 'Arbeitsplatz 2', 398.00, '2019-09-19', 'HQ21-2960X-01', 35, 'HQ', '2.01'),
	(106786, '2017-09-19', 'QKLHL7MKPS', b'1', 'Arbeitsplatz 3', 398.00, '2019-09-19', 'HQ21-2960X-01', 35, 'HQ', '2.01'),
	(106787, '2017-09-19', '4FDGR8HUEA', b'1', 'Arbeitsplatz 4', 398.00, '2019-09-19', 'HQ21-2960X-01', 35, 'HQ', '2.01'),
	(106788, '2017-09-19', 'C8MLY0LTME', b'1', 'Arbeitsplatz 5', 398.00, '2019-09-19', 'HQ21-2960X-01', 35, 'HQ', '2.01'),
	(106789, '2017-09-19', 'PLRMM9LWBO', b'1', 'Arbeitsplatz 6', 398.00, '2019-09-19', 'HQ21-2960X-01', 35, 'HQ', '2.01'),
	(106790, '2017-09-19', 'YFUYM4LGGM', b'1', 'Arbeitsplatz 7', 398.00, '2019-09-19', 'HQ21-2960X-01', 35, 'HQ', '2.01'),
	(106791, '2017-09-19', '64AVL3OIHF', b'1', 'Arbeitsplatz 8', 398.00, '2019-09-19', 'HQ21-2960X-01', 35, 'HQ', '2.01'),
	(106792, '2017-09-19', 'EJWFS0R7L7', b'1', 'Arbeitsplatz 9', 398.00, '2019-09-19', 'HQ21-2960X-01', 35, 'HQ', '2.01'),
	(106793, '2017-09-19', '1BKBJ2822E', b'1', 'Arbeitsplatz 10', 398.00, '2019-09-19', 'HQ21-2960X-01', 35, 'HQ', '2.01'),
	(106794, '2017-09-19', 'EV3PA8L9S4', b'1', 'Arbeitsplatz 11', 398.00, '2019-09-19', 'HQ21-2960X-01', 35, 'HQ', '2.01'),
	(106795, '2017-09-19', 'XM8FG7KYSS', b'1', 'Arbeitsplatz 12', 398.00, '2019-09-19', 'HQ21-2960X-01', 35, 'HQ', '2.01'),
	(106796, '2017-09-19', '8JEFL3WNHJ', b'1', 'Referenten-Platz', 398.00, '2019-09-19', 'HQ21-2960X-01', 35, 'HQ', '2.01'),
	(106797, '2017-09-19', '7GGRV34REJ', b'1', 'Arbeitsplatz 1', 398.00, '2019-09-19', 'HQ21-2960X-01', 35, 'HQ', '2.02'),
	(106798, '2017-09-19', '52WYE97C1X', b'1', 'Arbeitsplatz 2', 398.00, '2019-09-19', 'HQ21-2960X-01', 35, 'HQ', '2.02'),
	(106800, '2017-09-19', 'FQQFM899VI', b'1', 'Arbeitsplatz 3', 398.00, '2019-09-19', 'HQ21-2960X-01', 35, 'HQ', '2.02'),
	(106801, '2017-09-19', 'TPPUN1DXSJ', b'1', 'Arbeitsplatz 4', 398.00, '2019-09-19', 'HQ21-2960X-01', 35, 'HQ', '2.02'),
	(106802, '2017-09-19', '8KRHO0T3ZW', b'1', 'Arbeitsplatz 5', 398.00, '2019-09-19', 'HQ21-2960X-01', 35, 'HQ', '2.02'),
	(106804, '2017-09-19', 'W6YVW9L1RX', b'1', 'Arbeitsplatz 6', 398.00, '2019-09-19', 'HQ21-2960X-01', 35, 'HQ', '2.02'),
	(106805, '2017-09-19', '80HBH2U857', b'1', 'Arbeitsplatz 7', 398.00, '2019-09-19', 'HQ21-2960X-01', 35, 'HQ', '2.02'),
	(106806, '2017-09-19', 'FWYPK0FYWB', b'1', 'Arbeitsplatz 8', 398.00, '2019-09-19', 'HQ21-2960X-01', 35, 'HQ', '2.02'),
	(106807, '2017-09-19', '9SOES5YB73', b'1', 'Arbeitsplatz 9', 398.00, '2019-09-19', 'HQ21-2960X-01', 35, 'HQ', '2.02'),
	(106808, '2017-09-19', 'RNLRW9J26K', b'1', 'Arbeitsplatz 10', 398.00, '2019-09-19', 'HQ21-2960X-01', 35, 'HQ', '2.02'),
	(106809, '2017-09-19', '7M4SV0PAA4', b'1', 'Referenten-Platz', 398.00, '2019-09-19', 'HQ21-2960X-01', 35, 'HQ', '2.02'),
	(106810, '2017-09-19', '1TAHR6Z0ZI', b'1', 'Arbeitsplatz 1', 398.00, '2019-09-19', 'HQ21-2960X-01', 35, 'HQ', '2.03'),
	(106811, '2017-09-19', '66VXI7BJJF', b'1', 'Arbeitsplatz 2', 398.00, '2019-09-19', 'HQ21-2960X-01', 35, 'HQ', '2.03'),
	(106812, '2017-09-19', 'T52XX7ZRQ5', b'1', 'Arbeitsplatz 3', 398.00, '2019-09-19', 'HQ21-2960X-01', 35, 'HQ', '2.03'),
	(106813, '2017-09-19', '1GKUI90HV9', b'1', 'Arbeitsplatz 4', 398.00, '2019-09-19', 'HQ21-2960X-01', 35, 'HQ', '2.03'),
	(106814, '2017-09-19', 'Z3GZR4OK8C', b'1', 'Arbeitsplatz 5', 398.00, '2019-09-19', 'HQ21-2960X-01', 35, 'HQ', '2.03'),
	(106815, '2017-09-19', 'RLBPH3BO17', b'1', 'Arbeitsplatz 6', 398.00, '2019-09-19', 'HQ21-2960X-01', 35, 'HQ', '2.03'),
	(106816, '2017-09-19', 'GS6ND2T3RQ', b'1', 'Arbeitsplatz 7', 398.00, '2019-09-19', 'HQ21-2960X-01', 35, 'HQ', '2.03'),
	(106817, '2017-09-19', 'CI2PZ7VOR1', b'1', 'Arbeitsplatz 8', 398.00, '2019-09-19', 'HQ21-2960X-01', 35, 'HQ', '2.03'),
	(106818, '2017-09-19', 'IIUBU9NE6Z', b'1', 'Arbeitsplatz 9', 398.00, '2019-09-19', 'HQ21-2960X-01', 35, 'HQ', '2.03'),
	(106819, '2017-09-19', 'EPQCA6OWP5', b'1', 'Arbeitsplatz 10', 398.00, '2019-09-19', 'HQ21-2960X-01', 35, 'HQ', '2.03'),
	(106820, '2017-09-19', 'VNXUV0QNQ8', b'1', 'Referenten-Platz', 398.00, '2019-09-19', 'HQ21-2960X-01', 35, 'HQ', '2.03'),
	(106821, '2017-09-19', 'IAXYC0CK1F', b'1', 'Arbeitsplatz 1', 398.00, '2019-09-19', 'HQ41-3650-02', 35, 'HQ', '4.03'),
	(106822, '2017-09-19', 'NQVQX7FGGK', b'1', 'Arbeitsplatz 2', 398.00, '2019-09-19', 'HQ41-3650-02', 35, 'HQ', '4.03'),
	(106823, '2017-09-19', 'X1KUX6EH1Z', b'1', 'Arbeitsplatz 1', 398.00, '2019-09-19', 'HQ21-2960X-02', 35, 'HQ', '2.04'),
	(106824, '2017-09-19', 'O6IES0O9JM', b'1', 'Arbeitsplatz 2', 398.00, '2019-09-19', 'HQ21-2960X-02', 35, 'HQ', '2.04'),
	(106825, '2017-09-19', 'XGKLZ5S9NT', b'1', 'Arbeitsplatz 3', 398.00, '2019-09-19', 'HQ21-2960X-02', 35, 'HQ', '2.04'),
	(106826, '2017-09-19', 'NTLCT13TKN', b'1', 'Arbeitsplatz 4', 398.00, '2019-09-19', 'HQ21-2960X-02', 35, 'HQ', '2.04'),
	(106827, '2017-09-19', 'F2ZQD1Y2SQ', b'1', 'Arbeitsplatz 5', 398.00, '2019-09-19', 'HQ21-2960X-02', 35, 'HQ', '2.04'),
	(106828, '2017-09-19', '9TWLC8QWS2', b'1', 'Arbeitsplatz 6', 398.00, '2019-09-19', 'HQ21-2960X-02', 35, 'HQ', '2.04'),
	(106829, '2017-09-19', 'PG3HC16YSK', b'1', 'Arbeitsplatz 7', 398.00, '2019-09-19', 'HQ21-2960X-02', 35, 'HQ', '2.04'),
	(106830, '2017-09-19', 'IKNKH2A4E3', b'1', 'Arbeitsplatz 8', 398.00, '2019-09-19', 'HQ21-2960X-02', 35, 'HQ', '2.04'),
	(106831, '2017-09-19', 'CH5XQ62UUQ', b'1', 'Referenten-Platz', 398.00, '2019-09-19', 'HQ21-2960X-02', 35, 'HQ', '2.04'),
	(106833, '2017-09-19', 'O7EIA9E606', b'1', 'Arbeitsplatz 1', 398.00, '2019-09-19', 'HQ41-3650-02', 35, 'HQ', '4.04'),
	(106834, '2017-09-19', 'FN6UV9EL56', b'1', 'Arbeitsplatz 2', 398.00, '2019-09-19', 'HQ41-3650-02', 35, 'HQ', '4.04'),
	(106835, '2017-09-19', 'K0SSU8YVYZ', b'1', 'Arbeitsplatz 1', 398.00, '2019-09-19', 'HQ41-3650-02', 35, 'HQ', '4.05'),
	(106837, '2017-09-19', '5U5AB1PV53', b'1', 'Arbeitsplatz 2', 398.00, '2019-09-19', 'HQ41-3650-02', 35, 'HQ', '4.05'),
	(106838, '2017-09-19', 'TICGP0P67Y', b'1', 'Arbeitsplatz 1', 398.00, '2019-09-19', 'HQ41-3650-02', 35, 'HQ', '4.06'),
	(106839, '2017-09-19', 'DGIWP8UFOC', b'1', 'Arbeitsplatz 2', 398.00, '2019-09-19', 'HQ41-3650-02', 35, 'HQ', '4.06'),
	(106840, '2017-09-19', '8IWHK6HEEQ', b'1', 'Arbeitsplatz 1', 398.00, '2019-09-19', 'HQ31-3650-02', 35, 'HQ', '3.07'),
	(106841, '2017-09-19', '70STP9KUWD', b'1', 'Arbeitsplatz 2', 398.00, '2019-09-19', 'HQ31-3650-02', 35, 'HQ', '3.07'),
	(106842, '2017-09-19', 'CPKBB8DU6X', b'1', 'Arbeitsplatz 1', 398.00, '2019-09-19', 'HQ41-3650-02', 35, 'HQ', '4.07'),
	(106843, '2017-09-19', 'ETOTW01PYV', b'1', 'Arbeitsplatz 2', 398.00, '2019-09-19', 'HQ41-3650-02', 35, 'HQ', '4.07'),
	(106844, '2017-09-19', 'FDWGK6KLK6', b'1', 'Arbeitsplatz 1', 398.00, '2019-09-19', 'HQ41-3650-02', 35, 'HQ', '4.10'),
	(106845, '2017-09-19', '1WTYS625ET', b'1', 'Arbeitsplatz 1', 398.00, '2019-09-19', 'HQ41-3650-02', 35, 'HQ', '4.11'),
	(106846, '2017-09-19', 'AMYOS8R6IP', b'1', 'Arbeitsplatz 1', 398.00, '2019-09-19', 'HQ41-3650-02', 35, 'HQ', '4.12'),
	(106847, '2017-09-21', 'ECS1958167', b'1', 'Direktbestellung beim Hersteller', 190.00, '2019-09-21', 'HQ13-3650-03', 92, 'HQ', '1.14'),
	(106848, '2017-09-21', 'ECS9605803', b'1', 'Direktbestellung beim Hersteller', 190.00, '2019-09-21', 'HQ13-3650-03', 92, 'HQ', '1.15'),
	(106849, '2017-09-21', 'ECS2675671', b'1', 'Direktbestellung beim Hersteller', 190.00, '2019-09-21', 'HQ13-3650-03', 92, 'HQ', '1.01'),
	(106850, '2017-09-21', 'ECS1354805', b'1', 'Direktbestellung beim Hersteller', 190.00, '2019-09-21', 'HQ21-3650-06', 92, 'HQ', '2.01'),
	(106851, '2017-09-21', 'ECS0441410', b'1', 'Direktbestellung beim Hersteller', 190.00, '2019-09-21', 'HQ41-3650-02', 92, 'HQ', '4.01'),
	(106852, '2017-09-21', 'ECS9466369', b'1', 'Direktbestellung beim Hersteller', 190.00, '2019-09-21', 'HQ13-3650-03', 92, 'HQ', '1.02'),
	(106853, '2017-09-21', 'ECS4998431', b'1', 'Direktbestellung beim Hersteller', 190.00, '2019-09-21', 'HQ21-3650-06', 92, 'HQ', '2.02'),
	(106854, '2017-09-21', 'ECS3997727', b'1', 'Direktbestellung beim Hersteller', 190.00, '2019-09-21', 'HQ41-3650-02', 92, 'HQ', '4.02'),
	(106855, '2017-09-21', 'ECS2923103', b'1', 'Direktbestellung beim Hersteller', 190.00, '2019-09-21', 'HQ13-3650-03', 92, 'HQ', '1.03'),
	(106856, '2017-09-21', 'ECS7613885', b'1', 'Direktbestellung beim Hersteller', 190.00, '2019-09-21', 'HQ21-3650-06', 92, 'HQ', '2.03'),
	(106857, '2017-09-21', 'ECS3213747', b'1', 'Direktbestellung beim Hersteller', 190.00, '2019-09-21', 'HQ31-3650-02', 92, 'HQ', '3.03'),
	(106859, '2017-09-21', 'ECS7539211', b'1', 'Direktbestellung beim Hersteller', 190.00, '2019-09-21', 'HQ41-3650-02', 92, 'HQ', '4.03'),
	(106860, '2017-09-21', 'ECS2906774', b'1', 'Direktbestellung beim Hersteller', 190.00, '2019-09-21', 'HQ13-3650-03', 92, 'HQ', '1.04'),
	(106861, '2017-09-21', 'ECS9578403', b'1', 'Direktbestellung beim Hersteller', 190.00, '2019-09-21', 'HQ21-3650-06', 92, 'HQ', '2.04'),
	(106862, '2017-09-21', 'ECS4697678', b'1', 'Direktbestellung beim Hersteller', 190.00, '2019-09-21', 'HQ41-3650-02', 92, 'HQ', '4.04'),
	(106863, '2017-09-21', 'ECS8887723', b'1', 'Direktbestellung beim Hersteller', 190.00, '2019-09-21', 'HQ13-3650-03', 92, 'HQ', '1.05'),
	(106864, '2017-09-21', 'ECS5672227', b'1', 'Direktbestellung beim Hersteller', 190.00, '2019-09-21', 'HQ21-3650-06', 92, 'HQ', '2.05'),
	(106865, '2017-09-21', 'ECS0932062', b'1', 'Direktbestellung beim Hersteller', 190.00, '2019-09-21', 'HQ31-3650-02', 92, 'HQ', '3.05'),
	(106866, '2017-09-21', 'ECS4259380', b'1', 'Direktbestellung beim Hersteller', 190.00, '2019-09-21', 'HQ41-3650-02', 92, 'HQ', '4.05'),
	(106867, '2017-09-21', 'ECS9779809', b'1', 'Direktbestellung beim Hersteller', 190.00, '2019-09-21', 'HQ13-3650-03', 92, 'HQ', '1.06'),
	(106868, '2017-09-21', 'ECS9988449', b'1', 'Direktbestellung beim Hersteller', 190.00, '2019-09-21', 'HQ21-3650-06', 92, 'HQ', '2.06'),
	(106869, '2017-09-21', 'ECS8400410', b'1', 'Direktbestellung beim Hersteller', 190.00, '2019-09-21', 'HQ31-3650-02', 92, 'HQ', '3.06'),
	(106870, '2017-09-21', 'ECS2520238', b'1', 'Direktbestellung beim Hersteller', 190.00, '2019-09-21', 'HQ41-3650-02', 92, 'HQ', '4.06'),
	(106871, '2017-09-21', 'ECS4137892', b'1', 'Direktbestellung beim Hersteller', 190.00, '2019-09-21', 'HQ21-3650-06', 92, 'HQ', '2.07'),
	(106872, '2017-09-21', 'ECS2003353', b'1', 'Direktbestellung beim Hersteller', 190.00, '2019-09-21', 'HQ31-3650-02', 92, 'HQ', '3.07'),
	(106873, '2017-09-21', 'ECS7464945', b'1', 'Direktbestellung beim Hersteller', 190.00, '2019-09-21', 'HQ41-3650-02', 92, 'HQ', '4.07'),
	(106874, '2017-09-21', 'ECS8632518', b'1', 'Direktbestellung beim Hersteller', 190.00, '2019-09-21', 'HQ13-3650-03', 92, 'HQ', '1.08'),
	(106875, '2017-09-21', 'ECS2023002', b'1', 'Direktbestellung beim Hersteller', 190.00, '2019-09-21', 'HQ21-3650-06', 92, 'HQ', '2.08'),
	(106876, '2017-09-21', 'ECS8053104', b'1', 'Direktbestellung beim Hersteller', 190.00, '2019-09-21', 'HQ13-3650-03', 92, 'HQ', '1.09'),
	(106877, '2017-09-21', 'ECS1969317', b'1', 'Direktbestellung beim Hersteller', 190.00, '2019-09-21', 'HQ21-3650-06', 92, 'HQ', '2.09'),
	(106879, '2017-09-21', 'ECS1417920', b'1', 'Direktbestellung beim Hersteller', 190.00, '2019-09-21', 'HQ31-3650-02', 92, 'HQ', '3.09'),
	(106880, '2017-09-21', 'ECS1315294', b'1', 'Direktbestellung beim Hersteller', 190.00, '2019-09-21', 'HQ13-3650-03', 92, 'HQ', '1.10'),
	(106881, '2017-09-21', 'ECS6319546', b'1', 'Direktbestellung beim Hersteller', 190.00, '2019-09-21', 'HQ21-3650-06', 92, 'HQ', '2.10'),
	(106882, '2017-09-21', 'ECS2402166', b'1', 'Direktbestellung beim Hersteller', 190.00, '2019-09-21', 'HQ31-3650-03', 92, 'HQ', '3.10'),
	(106883, '2017-09-21', 'ECS8872989', b'1', 'Direktbestellung beim Hersteller', 190.00, '2019-09-21', 'HQ41-3650-02', 92, 'HQ', '4.10'),
	(106884, '2017-09-21', 'ECS7348930', b'1', 'Direktbestellung beim Hersteller', 190.00, '2019-09-21', 'HQ13-3650-03', 92, 'HQ', '1.11'),
	(106885, '2017-09-21', 'ECS4082275', b'1', 'Direktbestellung beim Hersteller', 190.00, '2019-09-21', 'HQ21-3650-06', 92, 'HQ', '2.11'),
	(106886, '2017-09-21', 'ECS4232001', b'1', 'Direktbestellung beim Hersteller', 190.00, '2019-09-21', 'HQ31-3650-03', 92, 'HQ', '3.11'),
	(106887, '2017-09-21', 'ECS0825675', b'1', 'Direktbestellung beim Hersteller', 190.00, '2019-09-21', 'HQ41-3650-02', 92, 'HQ', '4.11'),
	(106889, '2017-09-21', 'ECS1559768', b'1', 'Direktbestellung beim Hersteller', 190.00, '2019-09-21', 'HQ13-3650-03', 92, 'HQ', '1.12'),
	(106890, '2017-09-21', 'ECS9789695', b'1', 'Direktbestellung beim Hersteller', 190.00, '2019-09-21', 'HQ21-3650-06', 92, 'HQ', '2.12'),
	(106891, '2017-09-21', 'ECS0415086', b'1', 'Direktbestellung beim Hersteller', 190.00, '2019-09-21', 'HQ41-3650-02', 92, 'HQ', '4.12'),
	(106892, '2017-09-22', 'LCD076182', b'1', 'Arbeitsplatz 1', 1185.00, '2019-09-22', NULL, 1, 'HQ', '2.01'),
	(106894, '2017-09-22', 'VDU817126', b'1', 'Arbeitsplatz 1', 1185.00, '2019-09-22', NULL, 1, 'HQ', '2.01'),
	(106895, '2017-09-22', 'OEX662303', b'1', 'Arbeitsplatz 2', 1185.00, '2019-09-22', NULL, 1, 'HQ', '2.01'),
	(106896, '2017-09-22', 'XJH037184', b'1', 'Arbeitsplatz 2', 1185.00, '2019-09-22', NULL, 1, 'HQ', '2.01'),
	(106897, '2017-09-22', 'SXS558863', b'1', 'Arbeitsplatz 3', 1185.00, '2019-09-22', NULL, 1, 'HQ', '2.01'),
	(106898, '2017-09-22', 'TRO284124', b'1', 'Arbeitsplatz 3', 1185.00, '2019-09-22', NULL, 1, 'HQ', '2.01'),
	(106899, '2017-09-22', 'FQY035075', b'1', 'Arbeitsplatz 4', 1185.00, '2019-09-22', NULL, 1, 'HQ', '2.01'),
	(106900, '2017-09-22', 'DPE564171', b'1', 'Arbeitsplatz 4', 1185.00, '2019-09-22', NULL, 1, 'HQ', '2.01'),
	(106901, '2017-09-22', 'JGC791106', b'1', 'Arbeitsplatz 5', 1185.00, '2019-09-22', NULL, 1, 'HQ', '2.01'),
	(106902, '2017-09-22', 'MNI192956', b'1', 'Arbeitsplatz 5', 1185.00, '2019-09-22', NULL, 1, 'HQ', '2.01'),
	(106903, '2017-09-22', 'DHM931043', b'1', 'Arbeitsplatz 6', 1185.00, '2019-09-22', NULL, 1, 'HQ', '2.01'),
	(106904, '2017-09-22', 'LAS795374', b'1', 'Arbeitsplatz 6', 1185.00, '2019-09-22', NULL, 1, 'HQ', '2.01'),
	(106905, '2017-09-22', 'QOD896255', b'1', 'Arbeitsplatz 7', 1185.00, '2019-09-22', NULL, 1, 'HQ', '2.01'),
	(106906, '2017-09-22', 'KAR895450', b'1', 'Arbeitsplatz 7', 1185.00, '2019-09-22', NULL, 1, 'HQ', '2.01'),
	(106907, '2017-09-22', 'JQV672637', b'1', 'Arbeitsplatz 8', 1185.00, '2019-09-22', NULL, 1, 'HQ', '2.01'),
	(106908, '2017-09-22', 'JCT215031', b'1', 'Arbeitsplatz 8', 1185.00, '2019-09-22', NULL, 1, 'HQ', '2.01'),
	(106909, '2017-09-22', 'ZPT012582', b'1', 'Arbeitsplatz 9', 1185.00, '2019-09-22', NULL, 1, 'HQ', '2.01'),
	(106910, '2017-09-22', 'VNP698492', b'1', 'Arbeitsplatz 9', 1185.00, '2019-09-22', NULL, 1, 'HQ', '2.01'),
	(106912, '2017-09-22', 'THY759387', b'1', 'Arbeitsplatz 10', 1185.00, '2019-09-22', NULL, 1, 'HQ', '2.01'),
	(106913, '2017-09-22', 'ISL899850', b'1', 'Arbeitsplatz 10', 1185.00, '2019-09-22', NULL, 1, 'HQ', '2.01'),
	(106914, '2017-09-22', 'KNN051207', b'1', 'Arbeitsplatz 11', 1185.00, '2019-09-22', NULL, 1, 'HQ', '2.01'),
	(106915, '2017-09-22', 'ZBX546056', b'1', 'Arbeitsplatz 11', 1185.00, '2019-09-22', NULL, 1, 'HQ', '2.01'),
	(106916, '2017-09-22', 'QEC355544', b'1', 'Arbeitsplatz 12', 1185.00, '2019-09-22', NULL, 1, 'HQ', '2.01'),
	(106917, '2017-09-22', 'OZV850193', b'1', 'Arbeitsplatz 12', 1185.00, '2019-09-22', NULL, 1, 'HQ', '2.01'),
	(106918, '2017-09-22', 'MQK570149', b'1', 'Arbeitsplatz 1', 2200.00, '2019-09-22', NULL, 2, 'HQ', '2.01'),
	(106919, '2017-09-22', 'DTP357895', b'1', 'Arbeitsplatz 2', 2200.00, '2019-09-22', NULL, 2, 'HQ', '2.01'),
	(106920, '2017-09-22', 'BPI009379', b'1', 'Arbeitsplatz 3', 2200.00, '2019-09-22', NULL, 2, 'HQ', '2.01'),
	(106921, '2017-09-22', 'SSP354050', b'1', 'Arbeitsplatz 4', 2200.00, '2019-09-22', NULL, 2, 'HQ', '2.01'),
	(106922, '2017-09-22', 'YEA985529', b'1', 'Arbeitsplatz 5', 2200.00, '2019-09-22', NULL, 2, 'HQ', '2.01'),
	(106923, '2017-09-22', 'SRO893759', b'1', 'Arbeitsplatz 6', 2200.00, '2019-09-22', NULL, 2, 'HQ', '2.01'),
	(106924, '2017-09-22', 'WER086827', b'1', 'Arbeitsplatz 7', 2200.00, '2019-09-22', NULL, 2, 'HQ', '2.01'),
	(106925, '2017-09-22', 'CQX788038', b'1', 'Arbeitsplatz 8', 2200.00, '2019-09-22', NULL, 2, 'HQ', '2.01'),
	(106926, '2017-09-22', 'SYK123890', b'1', 'Arbeitsplatz 9', 2200.00, '2019-09-22', NULL, 2, 'HQ', '2.01'),
	(106927, '2017-09-22', 'MBW342496', b'1', 'Arbeitsplatz 10', 2200.00, '2019-09-22', NULL, 2, 'HQ', '2.01'),
	(106928, '2017-09-22', 'VHD219909', b'1', 'Arbeitsplatz 11', 2200.00, '2019-09-22', NULL, 2, 'HQ', '2.01'),
	(106929, '2017-09-22', 'QCV278901', b'1', 'Arbeitsplatz 12', 2200.00, '2019-09-22', NULL, 2, 'HQ', '2.01'),
	(106930, '2017-11-09', 'OBW545458', b'1', 'Arbeitsplatz 1', 1189.00, '2019-11-09', NULL, 1, 'HQ', '2.03'),
	(106931, '2017-11-09', 'PFC830112', b'1', 'Arbeitsplatz 1', 1189.00, '2019-11-09', NULL, 1, 'HQ', '2.03'),
	(106932, '2017-11-09', 'LOG945668', b'1', 'Arbeitsplatz 2', 1189.00, '2019-11-09', NULL, 1, 'HQ', '2.03'),
	(106933, '2017-11-09', 'VFS162704', b'1', 'Arbeitsplatz 2', 1189.00, '2019-11-09', NULL, 1, 'HQ', '2.03'),
	(106934, '2017-11-09', 'IFG107975', b'1', 'Arbeitsplatz 3', 1189.00, '2019-11-09', NULL, 1, 'HQ', '2.03'),
	(106935, '2017-11-09', 'UEG356912', b'1', 'Arbeitsplatz 3', 1189.00, '2019-11-09', NULL, 1, 'HQ', '2.03'),
	(106936, '2017-11-09', 'EGZ139759', b'1', 'Arbeitsplatz 4', 1189.00, '2019-11-09', NULL, 1, 'HQ', '2.03'),
	(106937, '2017-11-09', 'IAY534368', b'1', 'Arbeitsplatz 4', 1189.00, '2019-11-09', NULL, 1, 'HQ', '2.03'),
	(106938, '2017-11-09', 'QHB479164', b'1', 'Arbeitsplatz 5', 1189.00, '2019-11-09', NULL, 1, 'HQ', '2.03'),
	(106939, '2017-11-09', 'ZWR526515', b'1', 'Arbeitsplatz 5', 1189.00, '2019-11-09', NULL, 1, 'HQ', '2.03'),
	(106940, '2017-11-09', 'YEA950333', b'1', 'Arbeitsplatz 6', 1189.00, '2019-11-09', NULL, 1, 'HQ', '2.03'),
	(106941, '2017-11-09', 'FIG405175', b'1', 'Arbeitsplatz 6', 1189.00, '2019-11-09', NULL, 1, 'HQ', '2.03'),
	(106942, '2017-11-09', 'XFT540495', b'1', 'Arbeitsplatz 7', 1189.00, '2019-11-09', NULL, 1, 'HQ', '2.03'),
	(106943, '2017-11-09', 'NQE744724', b'1', 'Arbeitsplatz 7', 1189.00, '2019-11-09', NULL, 1, 'HQ', '2.03'),
	(106944, '2017-11-09', 'NDH072103', b'1', 'Arbeitsplatz 8', 1189.00, '2019-11-09', NULL, 1, 'HQ', '2.03'),
	(106945, '2017-11-09', 'VRI726748', b'1', 'Arbeitsplatz 8', 1189.00, '2019-11-09', NULL, 1, 'HQ', '2.03'),
	(106946, '2017-11-09', 'RPL389723', b'1', 'Arbeitsplatz 9', 1189.00, '2019-11-09', NULL, 1, 'HQ', '2.03'),
	(106948, '2017-11-09', 'DWZ373189', b'1', 'Arbeitsplatz 9', 1189.00, '2019-11-09', NULL, 1, 'HQ', '2.03'),
	(106949, '2017-11-09', 'CJU479646', b'1', 'Arbeitsplatz 10', 1189.00, '2019-11-09', NULL, 1, 'HQ', '2.03'),
	(106950, '2017-11-09', 'CTD705711', b'1', 'Arbeitsplatz 10', 1189.00, '2019-11-09', NULL, 1, 'HQ', '2.03'),
	(106951, '2017-11-09', 'RVD511287', b'1', 'Arbeitsplatz 1', 2200.00, '2019-11-09', NULL, 2, 'HQ', '2.03'),
	(106952, '2017-11-09', 'OQF808008', b'1', 'Arbeitsplatz 2', 2200.00, '2019-11-09', NULL, 2, 'HQ', '2.03'),
	(106953, '2017-11-09', 'VYF980761', b'1', 'Arbeitsplatz 3', 2200.00, '2019-11-09', NULL, 2, 'HQ', '2.03'),
	(106954, '2017-11-09', 'ZEO560756', b'1', 'Arbeitsplatz 4', 2200.00, '2019-11-09', NULL, 2, 'HQ', '2.03'),
	(106955, '2017-11-09', 'FPX525945', b'1', 'Arbeitsplatz 5', 2200.00, '2019-11-09', NULL, 2, 'HQ', '2.03'),
	(106956, '2017-11-09', 'QWS001400', b'1', 'Arbeitsplatz 6', 2200.00, '2019-11-09', NULL, 2, 'HQ', '2.03'),
	(106957, '2017-11-09', 'LOU302350', b'1', 'Arbeitsplatz 7', 2200.00, '2019-11-09', NULL, 2, 'HQ', '2.03'),
	(106958, '2017-11-09', 'YOE143172', b'1', 'Arbeitsplatz 8', 2200.00, '2019-11-09', NULL, 2, 'HQ', '2.03'),
	(106959, '2017-11-09', 'UIO438663', b'1', 'Arbeitsplatz 9', 2200.00, '2019-11-09', NULL, 2, 'HQ', '2.03'),
	(106960, '2017-11-09', 'GLY301268', b'1', 'Arbeitsplatz 10', 2200.00, '2019-11-09', NULL, 2, 'HQ', '2.03'),
	(106961, '2017-11-27', 'JNF151728', b'1', 'Arbeitsplatz 1', 1217.00, '2019-11-27', NULL, 1, 'HQ', '2.02'),
	(106962, '2017-11-27', 'DHE973603', b'1', 'Arbeitsplatz 1', 1217.00, '2019-11-27', NULL, 1, 'HQ', '2.02'),
	(106963, '2017-11-27', 'PNV406202', b'1', 'Arbeitsplatz 2', 1217.00, '2019-11-27', NULL, 1, 'HQ', '2.02'),
	(106964, '2017-11-27', 'PUJ257884', b'1', 'Arbeitsplatz 2', 1217.00, '2019-11-27', NULL, 1, 'HQ', '2.02'),
	(106966, '2017-11-27', 'XWO513282', b'1', 'Arbeitsplatz 3', 1217.00, '2019-11-27', NULL, 1, 'HQ', '2.02'),
	(106967, '2017-11-27', 'CNW333841', b'1', 'Arbeitsplatz 3', 1217.00, '2019-11-27', NULL, 1, 'HQ', '2.02'),
	(106968, '2017-11-27', 'REJ385908', b'1', 'Arbeitsplatz 4', 1217.00, '2019-11-27', NULL, 1, 'HQ', '2.02'),
	(106969, '2017-11-27', 'QRY227355', b'1', 'Arbeitsplatz 4', 1217.00, '2019-11-27', NULL, 1, 'HQ', '2.02'),
	(106970, '2017-11-27', 'WQL972216', b'1', 'Arbeitsplatz 5', 1217.00, '2019-11-27', NULL, 1, 'HQ', '2.02'),
	(106971, '2017-11-27', 'VOP186239', b'1', 'Arbeitsplatz 5', 1217.00, '2019-11-27', NULL, 1, 'HQ', '2.02'),
	(106972, '2017-11-27', 'OPX918193', b'1', 'Arbeitsplatz 6', 1217.00, '2019-11-27', NULL, 1, 'HQ', '2.02'),
	(106973, '2017-11-27', 'JJG375971', b'1', 'Arbeitsplatz 6', 1217.00, '2019-11-27', NULL, 1, 'HQ', '2.02'),
	(106974, '2017-11-27', 'VPU556709', b'1', 'Arbeitsplatz 7', 1217.00, '2019-11-27', NULL, 1, 'HQ', '2.02'),
	(106975, '2017-11-27', 'UJU320248', b'1', 'Arbeitsplatz 7', 1217.00, '2019-11-27', NULL, 1, 'HQ', '2.02'),
	(106976, '2017-11-27', 'XYF025158', b'1', 'Arbeitsplatz 8', 1217.00, '2019-11-27', NULL, 1, 'HQ', '2.02'),
	(106977, '2017-11-27', 'QWX943351', b'1', 'Arbeitsplatz 8', 1217.00, '2019-11-27', NULL, 1, 'HQ', '2.02'),
	(106978, '2017-11-27', 'NHT555380', b'1', 'Arbeitsplatz 9', 1217.00, '2019-11-27', NULL, 1, 'HQ', '2.02'),
	(106979, '2017-11-27', 'OBD372921', b'1', 'Arbeitsplatz 9', 1217.00, '2019-11-27', NULL, 1, 'HQ', '2.02'),
	(106980, '2017-11-27', 'PQX969563', b'1', 'Arbeitsplatz 10', 1217.00, '2019-11-27', NULL, 1, 'HQ', '2.02'),
	(106981, '2017-11-27', 'JTF417345', b'1', 'Arbeitsplatz 10', 1217.00, '2019-11-27', NULL, 1, 'HQ', '2.02'),
	(106982, '2017-11-27', 'XZO445590', b'1', 'Arbeitsplatz 1', 2200.00, '2019-11-27', NULL, 2, 'HQ', '2.02'),
	(106983, '2017-11-27', 'FRF349475', b'1', 'Arbeitsplatz 2', 2200.00, '2019-11-27', NULL, 2, 'HQ', '2.02'),
	(106984, '2017-11-27', 'HEY390480', b'1', 'Arbeitsplatz 3', 2200.00, '2019-11-27', NULL, 2, 'HQ', '2.02'),
	(106985, '2017-11-27', 'RYI449075', b'1', 'Arbeitsplatz 4', 2200.00, '2019-11-27', NULL, 2, 'HQ', '2.02'),
	(106986, '2017-11-27', 'ZRG954663', b'1', 'Arbeitsplatz 5', 2200.00, '2019-11-27', NULL, 2, 'HQ', '2.02'),
	(106987, '2017-11-27', 'PMN261900', b'1', 'Arbeitsplatz 6', 2200.00, '2019-11-27', NULL, 2, 'HQ', '2.02'),
	(106988, '2017-11-27', 'VPV332018', b'1', 'Arbeitsplatz 7', 2200.00, '2019-11-27', NULL, 2, 'HQ', '2.02'),
	(106989, '2017-11-27', 'FDI760250', b'1', 'Arbeitsplatz 8', 2200.00, '2019-11-27', NULL, 2, 'HQ', '2.02'),
	(106990, '2017-11-27', 'CQQ390402', b'1', 'Arbeitsplatz 9', 2200.00, '2019-11-27', NULL, 2, 'HQ', '2.02'),
	(106991, '2017-11-27', 'XKE212414', b'1', 'Arbeitsplatz 10', 2200.00, '2019-11-27', NULL, 2, 'HQ', '2.02'),
	(106992, '2017-11-29', 'NC5HW32CW3', b'1', 'Arbeitsplatz 1', 378.00, '2019-11-29', 'HQ31-3650-02', 35, 'HQ', '3.01'),
	(106993, '2017-11-29', 'B20CE88AA4', b'1', 'Arbeitsplatz 2', 378.00, '2019-11-29', 'HQ31-3650-02', 35, 'HQ', '3.01'),
	(106994, '2017-11-29', '9QNKQ54A77', b'1', 'Arbeitsplatz 3', 378.00, '2019-11-29', 'HQ31-3650-02', 35, 'HQ', '3.01'),
	(106995, '2017-12-12', 'J7HBN06JBE', b'1', 'Arbeitsplatz 1', 378.00, '2019-12-12', NULL, 35, 'HQ', '4.01'),
	(106996, '2017-12-12', '5DIKS91VF6', b'1', 'Arbeitsplatz 2', 378.00, '2019-12-12', 'HQ41-3650-02', 35, 'HQ', '4.01'),
	(106997, '2017-12-12', 'DUTAG2XRMZ', b'1', 'Arbeitsplatz 1', 378.00, '2019-12-12', 'HQ41-3650-02', 35, 'HQ', '4.02'),
	(106998, '2017-12-12', '3LFGF2JTIA', b'1', 'Arbeitsplatz 2', 378.00, '2019-12-12', 'HQ41-3650-02', 35, 'HQ', '4.02'),
	(106999, '2017-12-16', 'YZY578JFZ', b'1', 'Server ZU13 (Refurb)', 1199.00, '2018-03-15', 'ZU-EX2200-01', 52, 'ZU13', 'Z1.3'),
	(107000, '2017-12-16', 'YZJ920DDU', b'1', 'Server ZU13 (Refurb)', 1599.00, '2018-03-15', 'ZU-EX2200-01', 55, 'ZU13', 'Z1.3'),
	(107044, '2017-12-28', 'ECS7703040', b'1', 'Drucker', 210.00, '2019-12-28', 'ZU-EX2200-01', 92, 'ZU13', 'Z1.1'),
	(107050, '2018-01-15', '1AATJ1THJF', b'1', '', 386.00, '2020-01-15', 'NEU-EX3300-01', 35, 'NEU54', 'N1'),
	(107051, '2018-01-15', 'TXYND64GNW', b'1', '', 386.00, '2020-01-15', 'NEU-EX3300-01', 35, 'NEU54', 'N2'),
	(107052, '2018-01-18', 'WT6SY9XPMO', b'1', 'Arbeitsplatz 1', 865.00, '2020-01-18', 'HQ21-2960X-02', 50, 'HQ', '2.06'),
	(107053, '2018-01-18', 'CBVGO5MJUW', b'1', 'Arbeitsplatz 2', 865.00, '2020-01-18', 'HQ21-2960X-02', 50, 'HQ', '2.06'),
	(107054, '2018-01-18', 'Y4LDI42JIA', b'1', 'Arbeitsplatz 3', 865.00, '2020-01-18', 'HQ21-2960X-02', 50, 'HQ', '2.06'),
	(107055, '2018-01-18', 'RGYPG4JV22', b'1', 'Arbeitsplatz 4', 865.00, '2020-01-18', 'HQ21-2960X-02', 50, 'HQ', '2.06'),
	(107056, '2018-01-18', 'OINYG92L84', b'1', 'Arbeitsplatz 5', 865.00, '2020-01-18', 'HQ21-2960X-02', 50, 'HQ', '2.06'),
	(107057, '2018-01-18', 'F8JSO24XN7', b'1', 'Arbeitsplatz 6', 865.00, '2020-01-18', 'HQ21-2960X-02', 50, 'HQ', '2.06'),
	(107058, '2018-01-18', '78QFI64LOP', b'1', 'Arbeitsplatz 7', 865.00, '2020-01-18', 'HQ21-2960X-02', 50, 'HQ', '2.06'),
	(107059, '2018-01-18', '7CBAH8103A', b'1', 'Arbeitsplatz 8', 865.00, '2020-01-18', 'HQ21-2960X-02', 50, 'HQ', '2.06'),
	(107060, '2018-01-18', 'G5QKQ0UR1X', b'1', 'Arbeitsplatz 9', 865.00, '2020-01-18', 'HQ21-2960X-02', 50, 'HQ', '2.06'),
	(107061, '2018-01-18', 'NODSI2DDE4', b'1', 'Arbeitsplatz 10', 865.00, '2020-01-18', 'HQ21-2960X-02', 50, 'HQ', '2.06'),
	(107062, '2018-01-18', 'BXZJA1LHRU', b'1', 'Arbeitsplatz 11', 865.00, '2020-01-18', 'HQ21-2960X-02', 50, 'HQ', '2.06'),
	(107063, '2018-01-18', 'BIMTJ63ZZS', b'1', 'Arbeitsplatz 12', 865.00, '2020-01-18', 'HQ21-2960X-02', 50, 'HQ', '2.06'),
	(107064, '2018-01-18', 'FIEAD715JO', b'1', 'Arbeitsplatz 13', 865.00, '2020-01-18', 'HQ21-2960X-02', 50, 'HQ', '2.06'),
	(107065, '2018-01-18', 'TQRLA8VLQM', b'1', 'Arbeitsplatz 14', 865.00, '2020-01-18', 'HQ21-2960X-02', 50, 'HQ', '2.06'),
	(107066, '2018-01-18', 'NWAFZ82KV0', b'1', 'Arbeitsplatz 15', 865.00, '2020-01-18', 'HQ21-2960X-02', 50, 'HQ', '2.06'),
	(107067, '2018-01-18', '2SDLM74D8K', b'1', 'Arbeitsplatz 16', 865.00, '2020-01-18', 'HQ21-2960X-02', 50, 'HQ', '2.06'),
	(107068, '2018-01-18', 'OFTLA3RYTT', b'1', 'Arbeitsplatz 1', 865.00, '2020-01-18', 'HQ21-2960X-03', 50, 'HQ', '2.07'),
	(107069, '2018-01-18', '4RYHY0ZM2W', b'1', 'Arbeitsplatz 2', 865.00, '2020-01-18', 'HQ21-2960X-03', 50, 'HQ', '2.07'),
	(107070, '2018-01-18', '2BKJV42ALK', b'1', 'Arbeitsplatz 3', 865.00, '2020-01-18', 'HQ21-2960X-03', 50, 'HQ', '2.07'),
	(107071, '2018-01-18', '3M6OM39KNB', b'1', 'Arbeitsplatz 4', 865.00, '2020-01-18', 'HQ21-2960X-03', 50, 'HQ', '2.07'),
	(107072, '2018-01-18', 'GA4IW8FBAX', b'1', 'Arbeitsplatz 5', 865.00, '2020-01-18', 'HQ21-2960X-03', 50, 'HQ', '2.07'),
	(107073, '2018-01-18', 'QJIVI0PEDQ', b'1', 'Arbeitsplatz 6', 865.00, '2020-01-18', 'HQ21-2960X-03', 50, 'HQ', '2.07'),
	(107074, '2018-01-18', 'EIYOO81MF9', b'1', 'Arbeitsplatz 7', 865.00, '2020-01-18', 'HQ21-2960X-03', 50, 'HQ', '2.07'),
	(107075, '2018-01-18', 'OL1GE3B2UR', b'1', 'Arbeitsplatz 8', 865.00, '2020-01-18', 'HQ21-2960X-03', 50, 'HQ', '2.07'),
	(107076, '2018-01-18', 'MMRJF36924', b'1', 'Arbeitsplatz 9', 865.00, '2020-01-18', 'HQ21-2960X-03', 50, 'HQ', '2.07'),
	(107077, '2018-01-18', 'H5QAH3JJRO', b'1', 'Arbeitsplatz 10', 865.00, '2020-01-18', 'HQ21-2960X-03', 50, 'HQ', '2.07'),
	(107078, '2018-01-18', 'ATQFK5SXUW', b'1', 'Arbeitsplatz 11', 865.00, '2020-01-18', 'HQ21-2960X-03', 50, 'HQ', '2.07'),
	(107079, '2018-01-18', 'W9CHV4IJHF', b'1', 'Arbeitsplatz 12', 865.00, '2020-01-18', 'HQ21-2960X-03', 50, 'HQ', '2.07'),
	(107080, '2018-01-18', 'TNUVB291KB', b'1', 'Arbeitsplatz 13', 865.00, '2020-01-18', 'HQ21-2960X-03', 50, 'HQ', '2.07'),
	(107081, '2018-01-18', '98NRH4YF4Z', b'1', 'Arbeitsplatz 14', 865.00, '2020-01-18', 'HQ21-2960X-03', 50, 'HQ', '2.07'),
	(107082, '2018-01-18', 'W2CND7PQQO', b'1', 'Arbeitsplatz 15', 865.00, '2020-01-18', 'HQ21-2960X-03', 50, 'HQ', '2.07'),
	(107083, '2018-01-18', '63BTX8XFQM', b'1', 'Arbeitsplatz 16', 865.00, '2020-01-18', 'HQ21-2960X-03', 50, 'HQ', '2.07'),
	(107084, '2018-01-18', '7W3MK9UUCV', b'1', 'Arbeitsplatz 17', 865.00, '2020-01-18', 'HQ21-2960X-03', 50, 'HQ', '2.07'),
	(107085, '2018-01-18', '1MLEU48RXZ', b'1', 'Arbeitsplatz 18', 865.00, '2020-01-18', 'HQ21-2960X-03', 50, 'HQ', '2.07'),
	(107086, '2018-01-18', 'YM1LW8HCZR', b'1', 'Arbeitsplatz 19', 865.00, '2020-01-18', 'HQ21-2960X-03', 50, 'HQ', '2.07'),
	(107087, '2018-01-18', 'P1ETF5ALBV', b'1', 'Arbeitsplatz 20', 865.00, '2020-01-18', 'HQ21-2960X-03', 50, 'HQ', '2.07'),
	(107088, '2018-02-19', 'XJ8GW64D9S', b'1', 'Arbeitsplatz 1', 865.00, '2020-02-19', 'HQ21-2960X-03', 50, 'HQ', '2.09'),
	(107089, '2018-02-19', '7A8EZ08GPK', b'1', 'Arbeitsplatz 2', 865.00, '2020-02-19', 'HQ21-2960X-03', 50, 'HQ', '2.09'),
	(107090, '2018-02-19', 'IIKRI1OWKX', b'1', 'Arbeitsplatz 3', 865.00, '2020-02-19', 'HQ21-2960X-03', 50, 'HQ', '2.09'),
	(107091, '2018-02-19', 'VX1XQ8WZA0', b'1', 'Arbeitsplatz 4', 865.00, '2020-02-19', 'HQ21-2960X-03', 50, 'HQ', '2.09'),
	(107092, '2018-02-19', 'VMTSI207CJ', b'1', 'Arbeitsplatz 5', 865.00, '2020-02-19', 'HQ21-2960X-03', 50, 'HQ', '2.09'),
	(107093, '2018-02-19', 'EWJFD29HBM', b'1', 'Arbeitsplatz 6', 865.00, '2020-02-19', 'HQ21-2960X-03', 50, 'HQ', '2.09'),
	(107094, '2018-02-28', 'SZJHTS24', b'1', 'Backup-System', 3025.00, '2020-02-28', 'HQ11-3600-02', 61, 'HQ', '1.18'),
	(107095, '2018-02-28', 'FMQJ6PKS', b'1', 'Monitoring', 1554.00, '2020-02-28', 'HQ11-3600-02', 64, 'HQ', '1.18'),
	(107096, '2018-03-05', 'M7RRY0UW', b'1', '', 1280.00, '2019-03-04', 'HQ11-3600-02', 69, 'HQ', '1.18'),
	(107097, '2018-03-05', '7TAM9A56', b'1', '', 1280.00, '2019-03-04', 'HQ11-3600-02', 69, 'HQ', '1.18'),
	(107098, '2018-03-09', 'YYA659004', b'1', 'Arbeitsplatz 1', 655.00, '2018-09-09', NULL, 8, 'HQ', '2.01'),
	(107099, '2018-03-09', 'VPM604755', b'1', 'Arbeitsplatz 2', 655.00, '2018-09-09', NULL, 8, 'HQ', '2.01'),
	(107100, '2018-03-09', 'CJK584207', b'1', 'Arbeitsplatz 3', 655.00, '2018-09-09', NULL, 8, 'HQ', '2.01'),
	(107101, '2018-03-09', 'TNE416670', b'1', 'Arbeitsplatz 4', 655.00, '2018-09-09', NULL, 8, 'HQ', '2.01'),
	(107102, '2018-03-09', 'NHY761264', b'1', 'Arbeitsplatz 5', 655.00, '2018-09-09', NULL, 8, 'HQ', '2.01'),
	(107103, '2018-03-09', 'CJF405706', b'1', 'Arbeitsplatz 6', 655.00, '2018-09-09', NULL, 8, 'HQ', '2.01'),
	(107104, '2018-03-09', 'WJH232345', b'1', 'Arbeitsplatz 7', 655.00, '2018-09-09', NULL, 8, 'HQ', '2.01'),
	(107105, '2018-03-09', 'VNR182517', b'1', 'Arbeitsplatz 8', 655.00, '2018-09-09', NULL, 8, 'HQ', '2.01'),
	(107106, '2018-03-09', 'XIH706190', b'1', 'Arbeitsplatz 9', 655.00, '2018-09-09', NULL, 8, 'HQ', '2.01'),
	(107107, '2018-03-09', 'IDO601431', b'1', 'Arbeitsplatz 10', 655.00, '2018-09-09', NULL, 8, 'HQ', '2.01'),
	(107108, '2018-03-09', 'PDT988318', b'1', 'Arbeitsplatz 11', 655.00, '2018-09-09', NULL, 8, 'HQ', '2.01'),
	(107109, '2018-03-09', 'EHI284054', b'1', 'Arbeitsplatz 12', 655.00, '2018-09-09', NULL, 8, 'HQ', '2.01'),
	(107110, '2018-03-09', 'PBA468997', b'1', 'Arbeitsplatz 1', 655.00, '2018-09-09', NULL, 8, 'HQ', '2.02'),
	(107111, '2018-03-09', 'QLC491311', b'1', 'Arbeitsplatz 2', 655.00, '2018-09-09', NULL, 8, 'HQ', '2.02'),
	(107112, '2018-03-09', 'NZI259319', b'1', 'Arbeitsplatz 3', 655.00, '2018-09-09', NULL, 8, 'HQ', '2.02'),
	(107113, '2018-03-09', 'TWS179371', b'1', 'Arbeitsplatz 4', 655.00, '2018-09-09', NULL, 8, 'HQ', '2.02'),
	(107114, '2018-03-09', 'WNT626650', b'1', 'Arbeitsplatz 5', 655.00, '2018-09-09', NULL, 8, 'HQ', '2.02'),
	(107115, '2018-03-09', 'FZI160137', b'1', 'Arbeitsplatz 6', 655.00, '2018-09-09', NULL, 8, 'HQ', '2.02'),
	(107116, '2018-03-09', 'XWH072320', b'1', 'Arbeitsplatz 7', 655.00, '2018-09-09', NULL, 8, 'HQ', '2.02'),
	(107117, '2018-03-09', 'XOM105799', b'1', 'Arbeitsplatz 8', 655.00, '2018-09-09', NULL, 8, 'HQ', '2.02'),
	(107118, '2018-03-09', 'CAN959981', b'1', 'Arbeitsplatz 9', 655.00, '2018-09-09', NULL, 8, 'HQ', '2.02'),
	(107119, '2018-03-09', 'CMT617938', b'1', 'Arbeitsplatz 10', 655.00, '2018-09-09', NULL, 8, 'HQ', '2.02'),
	(107120, '2018-03-09', 'RMR993605', b'1', 'Arbeitsplatz 1', 655.00, '2018-09-09', NULL, 8, 'HQ', '2.03'),
	(107121, '2018-03-09', 'HPF188702', b'1', 'Arbeitsplatz 2', 655.00, '2018-09-09', NULL, 8, 'HQ', '2.03'),
	(107122, '2018-03-09', 'EEK158162', b'1', 'Arbeitsplatz 3', 655.00, '2018-09-09', NULL, 8, 'HQ', '2.03'),
	(107123, '2018-03-09', 'JPH753486', b'1', 'Arbeitsplatz 4', 655.00, '2018-09-09', NULL, 8, 'HQ', '2.03'),
	(107124, '2018-03-09', 'UQQ781449', b'1', 'Arbeitsplatz 5', 655.00, '2018-09-09', NULL, 8, 'HQ', '2.03'),
	(107125, '2018-03-09', 'PSG844132', b'1', 'Arbeitsplatz 6', 655.00, '2018-09-09', NULL, 8, 'HQ', '2.03'),
	(107126, '2018-03-09', 'TYF667956', b'1', 'Arbeitsplatz 7', 655.00, '2018-09-09', NULL, 8, 'HQ', '2.03'),
	(107127, '2018-03-09', 'MZS926208', b'1', 'Arbeitsplatz 8', 655.00, '2018-09-09', NULL, 8, 'HQ', '2.03'),
	(107128, '2018-03-09', 'QXA658938', b'1', 'Arbeitsplatz 9', 655.00, '2018-09-09', NULL, 8, 'HQ', '2.03'),
	(107129, '2018-03-09', 'YDE855796', b'1', 'Arbeitsplatz 10', 655.00, '2018-09-09', NULL, 8, 'HQ', '2.03'),
	(107130, '2018-03-12', 'CD1801001', b'1', '3D-Drucker', 6620.00, '2019-03-11', 'HQ21-2960X-04', 96, 'HQ', '2.10'),
	(107131, '2018-03-12', 'CD1801003', b'1', '3D-Drucker', 6620.00, '2019-03-11', 'HQ21-2960X-04', 96, 'HQ', '2.11'),
	(107132, '2018-03-13', 'ECS5348981', b'1', 'Drucker', 299.00, '2020-03-13', 'HQ31-3650-02', 93, 'HQ', '3.01'),
	(107133, '2018-03-15', 'ERSLS665MP', b'1', 'Kontroll-Terminal 3D-Drucker', 840.00, '2020-03-15', 'HQ21-2960X-04', 38, 'HQ', '2.10'),
	(107134, '2018-03-15', 'Z2OJL3MA8S', b'1', 'Kontroll-Terminal 3D-Drucker', 840.00, '2020-03-15', 'HQ21-2960X-04', 38, 'HQ', '2.11'),
	(107135, '2018-03-15', 'WYZRF7BOM6', b'1', 'Kontroll-Terminal Laser-Cutter', 840.00, '2020-03-15', 'HQ21-2960X-04', 38, 'HQ', '2.12'),
	(107136, '2018-03-15', 'L45375', b'1', 'Lasercutter', 17010.00, '2020-03-15', 'HQ21-2960X-04', 97, 'HQ', '2.12'),
	(107137, '2018-03-23', 'JOMXS0L27E', b'1', 'Arbeitsplatz 1', 855.00, '2020-03-23', 'HQ21-2960X-04', 50, 'HQ', '2.10'),
	(107138, '2018-03-23', '019NS9RHSA', b'1', 'Arbeitsplatz 2', 855.00, '2020-03-23', 'HQ21-2960X-04', 50, 'HQ', '2.10'),
	(107139, '2018-03-23', '5QETQ8JIP6', b'1', 'Arbeitsplatz 3', 855.00, '2020-03-23', 'HQ21-2960X-04', 50, 'HQ', '2.10'),
	(107140, '2018-03-23', '2OHVS7Y3T1', b'1', 'Arbeitsplatz 4', 855.00, '2020-03-23', 'HQ21-2960X-04', 50, 'HQ', '2.10'),
	(107141, '2018-03-23', 'PLUBG2Y865', b'1', 'Arbeitsplatz 5', 855.00, '2020-03-23', 'HQ21-2960X-04', 50, 'HQ', '2.10'),
	(107142, '2018-03-23', '49BRN840GZ', b'1', 'Arbeitsplatz 6', 855.00, '2020-03-23', 'HQ21-2960X-04', 50, 'HQ', '2.10'),
	(107143, '2018-03-23', 'SC8XS9NKTX', b'1', 'Arbeitsplatz 7', 855.00, '2020-03-23', 'HQ21-2960X-04', 50, 'HQ', '2.10'),
	(107144, '2018-03-23', 'V9DWC6SZZA', b'1', 'Arbeitsplatz 8', 855.00, '2020-03-23', 'HQ21-2960X-04', 50, 'HQ', '2.10'),
	(107145, '2018-04-06', 'M0MDW85XXG', b'1', 'Arbeitsplatz 1', 1120.00, '2019-04-05', 'HQ31-3650-02', 25, 'HQ', '3.02'),
	(107146, '2018-04-06', 'O31YY9GKDW', b'1', 'Arbeitsplatz 1', 1120.00, '2019-04-05', 'HQ31-3650-02', 25, 'HQ', '3.03'),
	(107147, '2018-04-06', 'P5GAD7PHTF', b'1', 'Arbeitsplatz 1', 1120.00, '2019-04-05', 'HQ31-3650-02', 25, 'HQ', '3.04'),
	(107148, '2018-04-06', 'UFUWK66LOU', b'1', 'Arbeitsplatz 1', 1120.00, '2019-04-05', 'HQ31-3650-02', 25, 'HQ', '3.05'),
	(107149, '2018-04-09', 'AHJ087977', b'1', 'Arbeitsplatz 1', 187.00, '2018-05-09', NULL, 9, 'HQ', '2.01'),
	(107150, '2018-04-09', 'FIV180978', b'1', 'Arbeitsplatz 2', 187.00, '2018-05-09', NULL, 9, 'HQ', '2.01'),
	(107151, '2018-04-09', 'NZO006580', b'1', 'Arbeitsplatz 3', 187.00, '2018-05-09', NULL, 9, 'HQ', '2.01'),
	(107152, '2018-04-09', 'EEU534502', b'1', 'Arbeitsplatz 4', 187.00, '2018-05-09', NULL, 9, 'HQ', '2.01'),
	(107153, '2018-04-09', 'CUY675227', b'1', 'Arbeitsplatz 5', 187.00, '2018-05-09', NULL, 9, 'HQ', '2.01'),
	(107154, '2018-04-09', 'EDV453475', b'1', 'Arbeitsplatz 6', 187.00, '2018-05-09', NULL, 9, 'HQ', '2.01'),
	(107155, '2018-04-09', 'KDS472133', b'1', 'Arbeitsplatz 7', 187.00, '2018-05-09', NULL, 9, 'HQ', '2.01'),
	(107156, '2018-04-09', 'VYI449693', b'1', 'Arbeitsplatz 8', 187.00, '2018-05-09', NULL, 9, 'HQ', '2.01'),
	(107157, '2018-04-09', 'PXP141552', b'1', 'Arbeitsplatz 9', 187.00, '2018-05-09', NULL, 9, 'HQ', '2.01'),
	(107158, '2018-04-09', 'AKS240577', b'1', 'Arbeitsplatz 10', 187.00, '2018-05-09', NULL, 9, 'HQ', '2.01'),
	(107159, '2018-04-09', 'XQS466106', b'1', 'Arbeitsplatz 11', 187.00, '2018-05-09', NULL, 9, 'HQ', '2.01'),
	(107160, '2018-04-09', 'KNU190364', b'1', 'Arbeitsplatz 12', 187.00, '2018-05-09', NULL, 9, 'HQ', '2.01'),
	(107161, '2018-04-17', '6NXXE3TOUG', b'1', 'Arbeitsplatz 1', 849.00, '2020-04-17', 'HQ21-2960X-04', 50, 'HQ', '2.11'),
	(107162, '2018-04-17', '7O5IA9MRE0', b'1', 'Arbeitsplatz 2', 849.00, '2020-04-17', 'HQ21-2960X-04', 50, 'HQ', '2.11'),
	(107163, '2018-04-17', '85DLW1B3NY', b'1', 'Arbeitsplatz 3', 849.00, '2020-04-17', 'HQ21-2960X-04', 50, 'HQ', '2.11'),
	(107164, '2018-04-17', '7D5OB0CNHW', b'1', 'Arbeitsplatz 4', 849.00, '2020-04-17', 'HQ21-2960X-04', 50, 'HQ', '2.11'),
	(107165, '2018-04-17', 'W43CL7WVW6', b'1', 'Arbeitsplatz 5', 849.00, '2020-04-17', 'HQ21-2960X-04', 50, 'HQ', '2.11'),
	(107166, '2018-04-17', 'XBJYD5JSS3', b'1', 'Arbeitsplatz 6', 849.00, '2020-04-17', 'HQ21-2960X-04', 50, 'HQ', '2.11'),
	(107167, '2018-04-17', 'NLRUT80FX8', b'1', 'Arbeitsplatz 7', 849.00, '2020-04-17', 'HQ21-2960X-04', 50, 'HQ', '2.11'),
	(107168, '2018-04-17', 'PTDID12A08', b'1', 'Arbeitsplatz 8', 849.00, '2020-04-17', 'HQ21-2960X-04', 50, 'HQ', '2.11'),
	(107169, '2018-04-17', '4QYJK361D3', b'1', 'Arbeitsplatz 9', 849.00, '2020-04-17', 'HQ21-2960X-04', 50, 'HQ', '2.11'),
	(107170, '2018-04-17', 'JG5QY1D9N7', b'1', 'Arbeitsplatz 10', 849.00, '2020-04-17', 'HQ21-2960X-04', 50, 'HQ', '2.11'),
	(107171, '2018-04-18', 'GRRUX1JQQT', b'1', '', 384.00, '2020-04-18', 'NIX-2960X-01', 35, 'NIX2', 'N1'),
	(107172, '2018-04-18', 'XQYEP1LZ0G', b'1', '', 384.00, '2020-04-18', 'NIX-2960X-01', 35, 'NIX2', 'N1'),
	(107173, '2018-04-18', '8JYRJ6WWRL', b'1', '', 384.00, '2020-04-18', 'NIX-2960X-01', 35, 'NIX2', 'N2'),
	(107174, '2018-04-18', 'K2PPT27Q6K', b'1', '', 384.00, '2020-04-18', 'NIX-2960X-01', 35, 'NIX2', 'N2'),
	(107175, '2018-04-18', '5CNSS1R5D6', b'1', '', 384.00, '2020-04-18', 'NIX-2960X-01', 35, 'NIX2', 'N3'),
	(107176, '2018-04-18', '8TOVS29YFY', b'1', '', 384.00, '2020-04-18', 'ZU-EX2200-03', 35, 'ZU13', 'Z2.2'),
	(107177, '2018-04-20', 'ECS3117986', b'1', 'Drucker', 215.00, '2020-04-20', 'NIX-2960X-01', 92, 'NIX2', 'N3'),
	(107178, '2018-05-08', 'R03PUXL6', b'1', 'Arbeitsplatz 2', 1202.00, '2019-05-07', 'HQ31-3650-02', 29, 'HQ', '3.02'),
	(107179, '2018-05-08', 'QIV08B2W', b'1', 'Arbeitsplatz 3', 1352.00, '2019-05-07', 'HQ31-3650-02', 29, 'HQ', '3.02'),
	(107180, '2018-05-08', 'VUOKS74R', b'1', 'Arbeitsplatz 2', 1202.00, '2019-05-07', 'HQ31-3650-02', 29, 'HQ', '3.03'),
	(107181, '2018-05-08', 'R78UO1U6', b'1', 'Arbeitsplatz 3', 1202.00, '2019-05-07', 'HQ31-3650-02', 29, 'HQ', '3.03'),
	(107182, '2018-05-08', 'PZO6AO5C', b'1', 'Arbeitsplatz 2', 1352.00, '2019-05-07', 'HQ31-3650-02', 29, 'HQ', '3.04'),
	(107183, '2018-05-08', '3A4FOG0V', b'1', 'Arbeitsplatz 3', 1352.00, '2019-05-07', 'HQ31-3650-02', 29, 'HQ', '3.04'),
	(107184, '2018-05-08', 'E4X6NAB7', b'1', 'Arbeitsplatz 2', 1202.00, '2019-05-07', 'HQ31-3650-02', 29, 'HQ', '3.05'),
	(107185, '2018-05-08', 'Y25PZ5O5', b'1', 'Arbeitsplatz 3', 1352.00, '2019-05-07', 'HQ31-3650-02', 29, 'HQ', '3.05'),
	(107186, '2018-05-08', 'ISTFSF9G', b'1', 'Arbeitsplatz 2', 1352.00, '2019-05-07', 'HQ31-3650-02', 29, 'HQ', '3.06'),
	(107187, '2018-05-08', 'SLFC9NQK', b'1', 'Arbeitsplatz 3', 1202.00, '2019-05-07', 'HQ31-3650-02', 29, 'HQ', '3.06'),
	(107188, '2018-05-08', 'E3K5Z1I2', b'1', 'Arbeitsplatz 1', 1202.00, '2019-05-07', 'HQ31-3650-03', 29, 'HQ', '3.10'),
	(107189, '2018-05-08', '0F8KA3H6XH', b'1', '', 910.00, '2020-05-08', 'HQ13-3650-01', 38, 'HQ', '1.06'),
	(107190, '2018-05-08', 'NUAZH05QOI', b'1', '', 910.00, '2020-05-08', 'HQ13-3650-01', 38, 'HQ', '1.06'),
	(107191, '2018-05-08', 'I5WAG5Y65Q', b'1', '', 910.00, '2020-05-08', 'HQ13-3650-01', 38, 'HQ', '1.06'),
	(107192, '2018-05-08', 'APAQU2RGCO', b'1', '', 910.00, '2020-05-08', 'HQ13-3650-01', 38, 'HQ', '1.06'),
	(107193, '2018-05-08', 'GX5NM2EMDC', b'1', '', 910.00, '2020-05-08', 'HQ13-3650-01', 38, 'HQ', '1.06'),
	(107194, '2018-05-08', '1BKMH51XLP', b'1', '', 910.00, '2020-05-08', 'HQ13-3650-01', 38, 'HQ', '1.06'),
	(107195, '2018-05-08', '820NJ7QTPL', b'1', '', 910.00, '2020-05-08', 'HQ13-3650-01', 38, 'HQ', '1.06'),
	(107196, '2018-05-08', 'KA8KI9HPEP', b'1', '', 910.00, '2020-05-08', 'HQ13-3650-01', 38, 'HQ', '1.06'),
	(107197, '2018-05-08', '9TNLX0J1TU', b'1', '', 910.00, '2020-05-08', 'HQ13-3650-01', 38, 'HQ', '1.06'),
	(107198, '2018-05-08', 'WCVHQ7IXCP', b'1', '', 910.00, '2020-05-08', 'HQ13-3650-01', 38, 'HQ', '1.06'),
	(107199, '2018-05-08', 'SBHZK7W6TH', b'1', '', 910.00, '2020-05-08', 'HQ13-3650-01', 38, 'HQ', '1.06'),
	(107200, '2018-05-08', 'ZLIUL0QCIG', b'1', '', 910.00, '2020-05-08', 'HQ13-3650-01', 38, 'HQ', '1.06'),
	(107201, '2018-05-08', 'HLGHI1JI3H', b'1', '', 910.00, '2020-05-08', 'HQ13-3650-01', 38, 'HQ', '1.06'),
	(107202, '2018-05-08', 'IL4XJ9RGJR', b'1', '', 910.00, '2020-05-08', 'HQ13-3650-01', 38, 'HQ', '1.06'),
	(107203, '2018-05-08', 'NTION0ZI6S', b'1', '', 910.00, '2020-05-08', 'HQ13-3650-01', 38, 'HQ', '1.06'),
	(107204, '2018-05-08', 'XZQVW1O71Y', b'1', '', 910.00, '2020-05-08', 'HQ13-3650-01', 38, 'HQ', '1.06'),
	(107205, '2018-05-08', 'YP7BV3XKV4', b'1', '', 910.00, '2020-05-08', 'HQ13-3650-01', 38, 'HQ', '1.06'),
	(107206, '2018-05-08', 'JQIUX40WOI', b'1', '', 910.00, '2020-05-08', 'HQ13-3650-01', 38, 'HQ', '1.06'),
	(107207, '2018-05-08', 'Y12YQ76X4K', b'1', '', 910.00, '2020-05-08', 'HQ13-3650-01', 38, 'HQ', '1.06'),
	(107208, '2018-05-08', '8LQUG8YWFT', b'1', '', 910.00, '2020-05-08', 'HQ13-3650-01', 38, 'HQ', '1.06'),
	(107209, '2018-05-08', 'AVQZI0QP8F', b'1', '', 910.00, '2020-05-08', 'HQ13-3650-01', 38, 'HQ', '1.06'),
	(107210, '2018-05-08', 'OGPNS1SG0P', b'1', '', 910.00, '2020-05-08', 'HQ13-3650-01', 38, 'HQ', '1.06'),
	(107211, '2018-05-08', 'UV8MK06Y3R', b'1', 'Referenten-Platz', 910.00, '2020-05-08', 'HQ21-2960X-02', 38, 'HQ', '2.06'),
	(107212, '2018-05-08', 'GENJT2JAMC', b'1', 'Referenten-Platz', 910.00, '2020-05-08', 'HQ21-2960X-03', 38, 'HQ', '2.07'),
	(107213, '2018-05-08', '1DBOA8RZEX', b'1', 'Referenten-Platz', 910.00, '2020-05-08', 'HQ21-2960X-03', 38, 'HQ', '2.08'),
	(107214, '2018-05-08', '0P0NG674QN', b'1', 'Arbeitsplatz 1', 910.00, '2020-05-08', 'HQ21-2960X-03', 38, 'HQ', '2.08'),
	(107215, '2018-05-08', 'K2JNB4OSQB', b'1', 'Arbeitsplatz 2', 910.00, '2020-05-08', 'HQ21-2960X-03', 38, 'HQ', '2.08'),
	(107216, '2018-05-08', 'N3FFM1POZB', b'1', 'Arbeitsplatz 3', 910.00, '2020-05-08', 'HQ21-2960X-03', 38, 'HQ', '2.08'),
	(107217, '2018-05-08', '1DVEP1WG3I', b'1', 'Arbeitsplatz 4', 910.00, '2020-05-08', 'HQ21-2960X-03', 38, 'HQ', '2.08'),
	(107218, '2018-05-08', '4FCWP04PKE', b'1', 'Arbeitsplatz 5', 910.00, '2020-05-08', 'HQ21-2960X-03', 38, 'HQ', '2.08'),
	(107219, '2018-05-08', 'LC4YR9601F', b'1', 'Arbeitsplatz 6', 910.00, '2020-05-08', 'HQ21-2960X-03', 38, 'HQ', '2.08'),
	(107220, '2018-05-08', '4MWKP395F3', b'1', 'Arbeitsplatz 7', 910.00, '2020-05-08', 'HQ21-2960X-03', 38, 'HQ', '2.08'),
	(107221, '2018-05-08', 'BX7OA66UL8', b'1', 'Arbeitsplatz 8', 910.00, '2020-05-08', 'HQ21-2960X-03', 38, 'HQ', '2.08'),
	(107222, '2018-05-08', 'UYTPT85U5M', b'1', 'Arbeitsplatz 9', 910.00, '2020-05-08', 'HQ21-2960X-03', 38, 'HQ', '2.08'),
	(107223, '2018-05-08', 'AFVLL2DGDR', b'1', 'Arbeitsplatz 10', 910.00, '2020-05-08', 'HQ21-2960X-03', 38, 'HQ', '2.08'),
	(107224, '2018-05-08', '6I4CU8YUQK', b'1', 'Referenten-Platz', 910.00, '2020-05-08', 'HQ21-2960X-03', 38, 'HQ', '2.09'),
	(107225, '2018-05-08', '9QIDB2CHAD', b'1', 'Referenten-Platz', 910.00, '2020-05-08', 'HQ21-2960X-04', 38, 'HQ', '2.10'),
	(107226, '2018-05-08', '66VEN1RTWF', b'1', 'Referenten-Platz', 910.00, '2020-05-08', 'HQ21-2960X-04', 38, 'HQ', '2.11'),
	(107227, '2018-05-08', 'S8SFZ0O5O7', b'1', 'Referenten-Platz', 910.00, '2020-05-08', 'HQ21-2960X-04', 38, 'HQ', '2.12'),
	(107228, '2018-06-07', 'LGC303286', b'1', 'Anschaffung neues SAN', 5620.00, '2021-06-06', 'HQ11-3600-02', 71, 'HQ', '1.18'),
	(107229, '2018-06-07', '982KK29X', b'1', 'Anschaffung neues SAN', 15503.00, '2021-06-06', 'HQ11-3600-02', 73, 'HQ', '1.18'),
	(107230, '2018-06-12', 'HZY386481', b'1', 'Neu-Austattung Video-Konf', 678.00, '2020-06-11', 'HQ21-3650-05', 83, 'HQ', '1.08'),
	(107231, '2018-06-12', 'PML149631', b'1', 'Neu-Austattung Video-Konf', 37144.00, '2020-06-11', 'HQ13-3650-01', 85, 'HQ', '1.08'),
	(107232, '2018-06-14', 'ECS2836873', b'1', 'A3-Drucker', 4200.00, '2020-06-14', 'HQ21-2960X-03', 94, 'HQ', '2.08'),
	(107233, '2018-06-15', '7HICW1IW', b'1', 'CAD-Drucker', 3200.00, '2020-06-15', 'HQ21-2960X-02', 95, 'HQ', '2.06'),
	(107234, '2018-06-15', '351PRRS3', b'1', 'CAD-Drucker', 3200.00, '2020-06-15', 'HQ21-2960X-03', 95, 'HQ', '2.08'),
	(107235, '2018-06-18', 'ECS3475436', b'1', 'Drucker', 299.00, '2020-06-18', 'HQ31-3650-02', 93, 'HQ', '3.02'),
	(107236, '2018-06-22', 'YKP576373', b'1', 'Arbeitsplatz 1', 266.00, '2019-09-21', NULL, 9, 'HQ', '2.02'),
	(107237, '2018-06-22', 'LGR233991', b'1', 'Arbeitsplatz 2', 266.00, '2019-09-21', NULL, 9, 'HQ', '2.02'),
	(107238, '2018-06-22', 'SBJ797297', b'1', 'Arbeitsplatz 3', 266.00, '2019-09-21', NULL, 9, 'HQ', '2.02'),
	(107239, '2018-06-22', 'DBA069931', b'1', 'Arbeitsplatz 4', 266.00, '2019-09-21', NULL, 9, 'HQ', '2.02'),
	(107240, '2018-06-22', 'MEN732341', b'1', 'Arbeitsplatz 5', 266.00, '2019-09-21', NULL, 9, 'HQ', '2.02'),
	(107241, '2018-06-22', 'WWV065863', b'1', 'Arbeitsplatz 6', 266.00, '2019-09-21', NULL, 9, 'HQ', '2.02'),
	(107242, '2018-06-22', 'RUL886450', b'1', 'Arbeitsplatz 7', 266.00, '2019-09-21', NULL, 9, 'HQ', '2.02'),
	(107243, '2018-06-22', 'QJC148194', b'1', 'Arbeitsplatz 8', 266.00, '2019-09-21', NULL, 9, 'HQ', '2.02'),
	(107244, '2018-06-22', 'AKL311059', b'1', 'Arbeitsplatz 9', 266.00, '2019-09-21', NULL, 9, 'HQ', '2.02'),
	(107245, '2018-06-22', 'KOI571794', b'1', 'Arbeitsplatz 10', 266.00, '2019-09-21', NULL, 9, 'HQ', '2.02'),
	(107246, '2018-06-22', 'FUF973269', b'1', 'Arbeitsplatz 1', 266.00, '2019-09-21', NULL, 9, 'HQ', '2.03'),
	(107247, '2018-06-22', 'ZWL482175', b'1', 'Arbeitsplatz 2', 266.00, '2019-09-21', NULL, 9, 'HQ', '2.03'),
	(107248, '2018-06-22', 'EWF340251', b'1', 'Arbeitsplatz 3', 266.00, '2019-09-21', NULL, 9, 'HQ', '2.03'),
	(107249, '2018-06-22', 'CBT338164', b'1', 'Arbeitsplatz 4', 266.00, '2019-09-21', NULL, 9, 'HQ', '2.03'),
	(107250, '2018-06-22', 'EDZ065113', b'1', 'Arbeitsplatz 5', 266.00, '2019-09-21', NULL, 9, 'HQ', '2.03'),
	(107251, '2018-06-22', 'MDV797320', b'1', 'Arbeitsplatz 6', 266.00, '2019-09-21', NULL, 9, 'HQ', '2.03'),
	(107252, '2018-06-22', 'VWG385883', b'1', 'Arbeitsplatz 7', 266.00, '2019-09-21', NULL, 9, 'HQ', '2.03'),
	(107253, '2018-06-22', 'VMY063034', b'1', 'Arbeitsplatz 8', 266.00, '2019-09-21', NULL, 9, 'HQ', '2.03'),
	(107254, '2018-06-22', 'HNL571638', b'1', 'Arbeitsplatz 9', 266.00, '2019-09-21', NULL, 9, 'HQ', '2.03'),
	(107255, '2018-06-22', 'AQL905881', b'1', 'Arbeitsplatz 10', 266.00, '2019-09-21', NULL, 9, 'HQ', '2.03'),
	(107256, '2018-07-16', '9WXU1ORM', b'1', 'Arbeitsplatz 2', 1322.00, '2019-07-15', 'HQ31-3650-03', 29, 'HQ', '3.10'),
	(107257, '2018-07-16', '45QKEO6A', b'1', 'Arbeitsplatz 3', 1322.00, '2019-07-15', 'HQ31-3650-03', 29, 'HQ', '3.11'),
	(107258, '2018-07-16', '7E5LSTD9', b'1', 'Arbeitsplatz 4', 1188.00, '2019-07-15', 'HQ31-3650-03', 29, 'HQ', '3.11'),
	(107261, '2018-07-20', 'RAAQK4PVE0', b'1', 'Videoschnitt-Platz', 1100.00, '2020-07-20', 'HQ13-3650-01', 38, 'HQ', '1.08'),
	(107262, '2018-07-20', 'B87BR8DKFA', b'1', 'Videoschnitt-Platz', 1100.00, '2020-07-20', 'HQ13-3650-01', 38, 'HQ', '1.08'),
	(107263, '2018-07-30', 'ELF679018', b'1', '', 1682.00, '2020-07-30', 'HQ11-9500-01', 1, 'HQ', '2.13a'),
	(107264, '2018-07-30', 'CJE562285', b'1', '', 1682.00, '2020-07-30', 'HQ11-9500-01', 1, 'HQ', '2.13a'),
	(107265, '2018-07-30', 'LKP281738', b'1', 'inkl 3y Gold Level Support', 32544.00, '2021-07-29', NULL, 10, 'HQ', '1.18'),
	(107266, '2018-07-31', 'S4G2DJRT', b'1', 'DC Backup Server', 1520.00, '2020-07-31', 'HQ11-3600-02', 64, 'HQ', '1.18'),
	(107267, '2018-07-31', 'BVIHAUH2', b'1', 'Austausch Defekt', 1160.00, '2019-07-30', 'HQ11-3600-02', 69, 'HQ', '1.18'),
	(107268, '2018-08-08', 'MCK916520', b'1', 'Austausch gegen 3650', 2500.00, '2020-08-08', NULL, 5, 'JOB141', 'J128'),
	(107269, '2018-08-08', 'X1MOBK3P', b'1', 'Austausch gegen Gen8-Server', 1598.00, '2020-08-08', 'JOB-3850-01', 66, 'JOB141', 'J128'),
	(107270, '2018-08-08', '6EIHMPPV', b'1', 'Austausch gegen Gen8-Server', 1598.00, '2020-08-08', 'NEU-EX3300-01', 66, 'NEU54', 'N1'),
	(107278, '2018-08-22', 'ECS1291227', b'1', 'Drucker', 299.00, '2020-08-22', 'HQ31-3650-02', 93, 'HQ', '3.04'),
	(107279, '2018-08-31', 'K8WUR5922Y', b'1', 'Arbeitsplatz 1', 1088.00, '2019-08-30', 'HQ31-3650-02', 25, 'HQ', '3.06'),
	(107280, '2018-08-31', 'IJTPG3SWHS', b'1', 'Arbeitsplatz 2', 1088.00, '2019-08-30', 'HQ31-3650-03', 25, 'HQ', '3.11');
/*!40000 ALTER TABLE `t_geraete` ENABLE KEYS */;

-- Exportiere Struktur von Tabelle learnit.t_geraetetypen
CREATE TABLE IF NOT EXISTS `t_geraetetypen` (
  `P_Geraetetyp_Nr` int(11) NOT NULL,
  `Bezeichnung` varchar(255) COLLATE utf8_unicode_ci DEFAULT NULL,
  `Kategorie` varchar(45) COLLATE utf8_unicode_ci DEFAULT NULL,
  `F_Hersteller_Nr` int(10) unsigned NOT NULL,
  PRIMARY KEY (`P_Geraetetyp_Nr`),
  KEY `fk_t_geraetetypen_t_hersteller1_idx` (`F_Hersteller_Nr`),
  CONSTRAINT `fk_t_geraetetypen_t_hersteller` FOREIGN KEY (`F_Hersteller_Nr`) REFERENCES `t_hersteller` (`P_Hersteller_Nr`) ON DELETE NO ACTION ON UPDATE NO ACTION
) ENGINE=InnoDB DEFAULT CHARSET=utf8 COLLATE=utf8_unicode_ci;

-- Exportiere Daten aus Tabelle learnit.t_geraetetypen: ~49 rows (ungefähr)
/*!40000 ALTER TABLE `t_geraetetypen` DISABLE KEYS */;
INSERT INTO `t_geraetetypen` (`P_Geraetetyp_Nr`, `Bezeichnung`, `Kategorie`, `F_Hersteller_Nr`) VALUES
	(1, 'Alpaca 2960', 'L2 Managed Switch', 1),
	(2, 'Alpaca 3650', 'L2 Managed Switch', 1),
	(3, 'Machu Picchu 5020', 'L3 Core Switch', 1),
	(5, 'Alpaca 3850', 'L2 Managed Switch', 1),
	(7, '1984 Orwell', 'L2 Managed Switch', 3),
	(8, '2001 odISY', 'L3 Router', 1),
	(9, '1998 spacY', 'L3 Router', 1),
	(10, 'Alpaca 9500-48X', 'L3 Core Switch', 1),
	(11, 'Alpaca 6807-XL', 'L3 SDN Switch', 1),
	(13, 'Pythagoras 2920', 'L3 Access Switch', 3),
	(15, '3600 Ei', 'L3 Core Switch', 3),
	(19, 'YXI2200', 'L2 Managed Switch', 2),
	(21, 'YXI3300', 'L2 Unmanaged Switch', 2),
	(22, 'KAX3600', 'L3 Core Layer Switch', 2),
	(23, 'KOLM1100', 'L3 Access Layer Switch', 2),
	(25, 'ThinkBad X280', 'Notebook', 5),
	(29, 'ThinkBad T480a', 'Notebook', 3),
	(30, 'Dude 7290 ', 'Notebook', 4),
	(31, 'ThinkBlock P910', 'PC-Workstation', 5),
	(32, '2396 odISY2', 'L3 Router', 1),
	(35, 'ThinkBlock P320 ItzyTiny', 'PC-Workstation', 5),
	(38, 'Fatman 3630', 'PC-Workstation', 4),
	(50, 'Fatman 3430', 'PC-Workstation', 4),
	(51, 'Bigboy 5060 Micro', 'PC-Workstation', 4),
	(52, 'AXDUJE 2530 M2', '1HE-Server', 6),
	(55, 'AXDUJE M2', '2HE-Server', 6),
	(56, 'Gauss 3810', 'L2 Managed Switch', 3),
	(61, 'Archimedes DL580 ', '4HE-Server', 3),
	(62, 'Archimedes DL385 Gen10', '1HE-Server', 3),
	(64, 'Archimedes DL360 Gen10', '1HE-Server', 3),
	(66, 'Archimedes ML110 Gen10', 'Tower-Server', 3),
	(68, 'BladeSystem pi7000', 'Bladecenter', 3),
	(69, 'Pi460c Gen10 Server-Blade', 'Blade', 3),
	(70, 'Pi660c Gen9 ', 'Blade', 3),
	(71, 'Inca 9396S ', 'FibreChannel-Switch', 1),
	(72, 'PlaDe Hin V7000', 'SAN', 5),
	(73, 'Aleswech DX500 S4', 'SAN', 6),
	(81, 'Limasol 6000 Business Edition Server ', 'Call Manager', 1),
	(82, 'IP Phone Maya 781', 'IP-Telefon', 1),
	(83, 'IP Conference Phone  Maya 783', 'IP-Telefon', 1),
	(84, 'IP Phone Maya 885', 'IP-Telefon', 1),
	(85, 'SEENIX 700', 'Videokonferenz-System', 1),
	(91, 'PRINTOsaurus REX C842DN', 'Multifunktions-Drucker', 7),
	(92, 'PRINTOsaurus P2040dn', 'Drucker', 8),
	(93, 'PRINTOsaurus P6130cdn', 'Drucker', 8),
	(94, 'PRINTOsaurus P8060cdn', 'A3-Drucker', 8),
	(95, 'DaVinci T730', 'Plotter', 3),
	(96, 'Trabant S5 ', '3D-Drucker', 9),
	(97, 'LASERSTAR PLOTTY 100', 'Lasercutter', 10);
/*!40000 ALTER TABLE `t_geraetetypen` ENABLE KEYS */;

-- Exportiere Struktur von Tabelle learnit.t_hersteller
CREATE TABLE IF NOT EXISTS `t_hersteller` (
  `P_Hersteller_Nr` int(10) unsigned NOT NULL AUTO_INCREMENT,
  `Hersteller` varchar(45) COLLATE utf8_unicode_ci DEFAULT NULL,
  PRIMARY KEY (`P_Hersteller_Nr`)
) ENGINE=InnoDB AUTO_INCREMENT=11 DEFAULT CHARSET=utf8 COLLATE=utf8_unicode_ci;

-- Exportiere Daten aus Tabelle learnit.t_hersteller: ~10 rows (ungefähr)
/*!40000 ALTER TABLE `t_hersteller` DISABLE KEYS */;
INSERT INTO `t_hersteller` (`P_Hersteller_Nr`, `Hersteller`) VALUES
	(1, 'Cusco'),
	(2, 'Luzifer'),
	(3, 'Edge Pi'),
	(4, 'Dull'),
	(5, 'Loveno'),
	(6, 'Fujikato'),
	(7, 'Ricky'),
	(8, 'Kyocerops'),
	(9, 'Polyvinylo'),
	(10, 'Schnippler');
/*!40000 ALTER TABLE `t_hersteller` ENABLE KEYS */;

-- Exportiere Struktur von Tabelle learnit.t_raeume
CREATE TABLE IF NOT EXISTS `t_raeume` (
  `PF_Gebaeude_Nr` varchar(6) COLLATE utf8_unicode_ci NOT NULL,
  `P_Raum_Nr` varchar(12) COLLATE utf8_unicode_ci NOT NULL,
  `Raumbezeichnung` varchar(32) COLLATE utf8_unicode_ci NOT NULL,
  `Bemerkung` varchar(255) COLLATE utf8_unicode_ci DEFAULT NULL,
  `F_Ansprechpartner_Nr` int(11) DEFAULT NULL,
  PRIMARY KEY (`P_Raum_Nr`,`PF_Gebaeude_Nr`),
  KEY `FK_t_raeume_t_ansprechpartner` (`F_Ansprechpartner_Nr`),
  KEY `FK_t_raeume_t_gebaeude` (`PF_Gebaeude_Nr`),
  CONSTRAINT `FK_t_raeume_t_ansprechpartner` FOREIGN KEY (`F_Ansprechpartner_Nr`) REFERENCES `t_ansprechpartner` (`P_Ansprechpartner_Nr`),
  CONSTRAINT `FK_t_raeume_t_gebaeude` FOREIGN KEY (`PF_Gebaeude_Nr`) REFERENCES `t_gebaeude` (`P_Gebaeude_Nr`)
) ENGINE=InnoDB DEFAULT CHARSET=utf8 COLLATE=utf8_unicode_ci;

-- Exportiere Daten aus Tabelle learnit.t_raeume: ~67 rows (ungefähr)
/*!40000 ALTER TABLE `t_raeume` DISABLE KEYS */;
INSERT INTO `t_raeume` (`PF_Gebaeude_Nr`, `P_Raum_Nr`, `Raumbezeichnung`, `Bemerkung`, `F_Ansprechpartner_Nr`) VALUES
	('HQ', '1.01', 'Schulungsraum "Lovelace"', 'Beamer, 20 Plätze', 15),
	('HQ', '1.02', 'Schulungsraum "Hollerith"', 'Beamer, 22 Plätze', 33),
	('HQ', '1.03', 'Besprechungsraum "Dijkstra"', '16 Plätze, Konferenz-Mikrofon', 41),
	('HQ', '1.04', 'Schulungsraum "Torvalds"', 'Beamer, 18 Plätze', 17),
	('HQ', '1.05', 'Schulungsraum "Gates"', 'Smartboard, 8 Plätze', 17),
	('HQ', '1.06', 'PC-Raum "Hawking"', '22 Plätze', 32),
	('HQ', '1.08', 'Multimedia-Raum "Schrödinger"', 'Videokonferenz-System', 10),
	('HQ', '1.09', 'Video-Studio "Curie"', 'Schnittarbeitsplatz', 10),
	('HQ', '1.10', 'Konferenzraum "Aristoteles"', '32 Plätze. Beamer', 41),
	('HQ', '1.11', 'Konferenzraum "Pythagoras"', '8 Plätze, Flachbildschirm', 41),
	('HQ', '1.12', 'Schulungsraum "Hollerith"', 'Smartboard, 32 Plätze', 41),
	('HQ', '1.14', 'Schulungsraum "Moore"', 'Beamer, 32 Plätze', 41),
	('HQ', '1.15', 'Lernraum "Copernicus"', '14 Plätze', 10),
	('HQ', '1.18', 'Rechenzentrum "Einstein"', '4 Racks', 40),
	('HQ', '1.19', 'Verteiler-Raum "Faraday"', '4 Racks', 32),
	('HQ', '2.01', 'Netzwerk-Labor "Turing"', '12 Netzwerk-Racks', 33),
	('HQ', '2.02', 'Netzwerk-Labor "Weizenbaum"', '10 Netzwerk-Racks', 35),
	('HQ', '2.03', 'Netzwerk-Labor "Wozniak"', '10 Netzwerk-Racks', 45),
	('HQ', '2.04', 'PC-Raum "Planck"', '8 Plätze, Flachbildschirm', 25),
	('HQ', '2.05', 'Lernraum "Da Vinci"', '8 Plätze', 4),
	('HQ', '2.06', 'CAD-Labor "van der Rohe"', '16 Plätze, CAD-Drucker', 15),
	('HQ', '2.07', 'CAD-Labor "Gropius"', '20 Plätze', 20),
	('HQ', '2.08', 'CAD-Labor "Scharoun"', '10 Plätze, CAD- und A3-Drucker', 27),
	('HQ', '2.09', 'Design-Arbeitsraum "Breuer"', '6 Plätze', 24),
	('HQ', '2.10', 'Design-Arbeitsraum "Bang"', '8 Plätze, 3D-Drucker', 24),
	('HQ', '2.11', 'Design-Arbeitsraum "Olufsen"', '10 Plätze, 3D-Drucker', 43),
	('HQ', '2.12', 'Design-Arbeitsraum "Alto"', '4 Plätze, Laserplotter', 46),
	('HQ', '2.13', 'Teeküche', NULL, NULL),
	('HQ', '2.13a', 'Verteiler-Raum "Newton"', '2 Racks', 32),
	('HQ', '3.01', 'Sekretariat', '', 4),
	('HQ', '3.02', 'Mitarbeiter-Büro', '', 52),
	('HQ', '3.03', 'Mitarbeiter-Büro', '', 52),
	('HQ', '3.04', 'Mitarbeiter-Büro', '', 52),
	('HQ', '3.05', 'Mitarbeiter-Büro', '', 52),
	('HQ', '3.06', 'Mitarbeiter-Büro', '', 52),
	('HQ', '3.07', 'Mitarbeiter-Büro', '', 52),
	('HQ', '3.08', 'Verteiler-Raum "Franklin"', '1 Rack', 32),
	('HQ', '3.09', 'Mitarbeiter-Büro', '', 48),
	('HQ', '3.10', 'Mitarbeiter-Büro', '', 48),
	('HQ', '3.11', 'Mitarbeiter-Büro', '', 48),
	('HQ', '3.12', 'Teeküche', NULL, NULL),
	('HQ', '4.01', 'Mitarbeiter-Büro', '', 48),
	('HQ', '4.02', 'Mitarbeiter-Büro', '', 48),
	('HQ', '4.03', 'Mitarbeiter-Büro', '', 48),
	('HQ', '4.04', 'Mitarbeiter-Büro', '', 48),
	('HQ', '4.05', 'Mitarbeiter-Büro', '', 48),
	('HQ', '4.06', 'Mitarbeiter-Büro', '', 53),
	('HQ', '4.07', 'Mitarbeiter-Büro', '', 53),
	('HQ', '4.08', 'Verteiler-Raum "Bohr"', '1 Rack, Telefonanlage', 32),
	('HQ', '4.09', 'Pausenraum', '', 53),
	('HQ', '4.10', 'Mitarbeiter-Büro', '', 53),
	('HQ', '4.11', 'Mitarbeiter-Büro', '', 53),
	('HQ', '4.12', 'Mitarbeiter-Büro', '', 32),
	('JOB141', 'J102', 'Schulungsraum "Laplace"', '24 Plätze', 29),
	('JOB141', 'J113', 'PC-Raum "Haber"', '8 Plätze', 53),
	('JOB141', 'J122', 'Teeküche', NULL, NULL),
	('JOB141', 'J128', 'Server-Raum "Humboldt"', '1 Rack', 40),
	('NEU54', 'N1', 'Schulungsraum "Tanenbaum"', '17 Plätze, Beamer', 43),
	('NIX2', 'N1', 'Schulungsraum "Siemens"', '18 Plätze, Smartboard', 46),
	('NEU54', 'N2', 'Besprechungsraum "Gates"', '6 Plätze, Flachbildschirm', 29),
	('NIX2', 'N2', 'Schulungsraum "Diebold"', '18 Plätze, Smartboard', 35),
	('NIX2', 'N3', 'Schulungsraum "Bell"', '22 Plätze, Beamer', 45),
	('ZU13', 'Z1.1', 'Schulungsraum "Hertz"', '10 Plätze, Beamer', 45),
	('ZU13', 'Z1.2', 'PC-Raum "Huffman"', '24 Arbeitsplätze', 53),
	('ZU13', 'Z1.3', 'Verteiler-Raum "Ampére"', '1 Rack', 32),
	('ZU13', 'Z2.1', 'PC-Raum "Shannon"', '16 Arbeitsplätze', 53),
	('ZU13', 'Z2.2', 'Besprechungsraum "Kepler"', 'Konferenz-Mikrofon', 29);
/*!40000 ALTER TABLE `t_raeume` ENABLE KEYS */;

-- Exportiere Struktur von Tabelle learnit.t_switches
CREATE TABLE IF NOT EXISTS `t_switches` (
  `F_Inventar_Nr` int(11) NOT NULL,
  `P_Hostname` varchar(45) COLLATE utf8_unicode_ci NOT NULL,
  `Kategorie` varchar(45) COLLATE utf8_unicode_ci DEFAULT NULL,
  `Anzahl_Ports` int(3) DEFAULT NULL,
  `PoE_Faehig` enum('ja','nein') COLLATE utf8_unicode_ci DEFAULT NULL,
  `Management_IP` varchar(15) COLLATE utf8_unicode_ci DEFAULT NULL,
  PRIMARY KEY (`P_Hostname`),
  KEY `FK_t_switches_t_geraete` (`F_Inventar_Nr`),
  CONSTRAINT `FK_t_switches_t_geraete` FOREIGN KEY (`F_Inventar_Nr`) REFERENCES `t_geraete` (`P_Inventar_Nr`)
) ENGINE=InnoDB DEFAULT CHARSET=utf8 COLLATE=utf8_unicode_ci;

-- Exportiere Daten aus Tabelle learnit.t_switches: ~22 rows (ungefähr)
/*!40000 ALTER TABLE `t_switches` DISABLE KEYS */;
INSERT INTO `t_switches` (`F_Inventar_Nr`, `P_Hostname`, `Kategorie`, `Anzahl_Ports`, `PoE_Faehig`, `Management_IP`) VALUES
	(101006, 'HQ11-3600-02', 'Core', 36, 'nein', '10.250.11.2'),
	(107265, 'HQ11-9500-01', 'Core', 48, 'nein', '10.250.11.1'),
	(105793, 'HQ13-3650-01', 'Access', 48, 'ja', '10.250.13.1'),
	(105794, 'HQ13-3650-02', 'Access', 48, 'ja', '10.250.13.2'),
	(105795, 'HQ13-3650-03', 'Access', 48, 'ja', '10.250.13.3'),
	(105791, 'HQ21-2960X-01', 'Access', 48, 'nein', '10.250.21.1'),
	(105792, 'HQ21-2960X-02', 'Access', 48, 'nein', '10.250.21.2'),
	(107263, 'HQ21-2960X-03', 'Access', 48, 'nein', '10.250.21.3'),
	(107264, 'HQ21-2960X-04', 'Access', 48, 'nein', '10.250.21.4'),
	(105796, 'HQ21-3650-05', 'Access', 48, 'ja', '10.250.21.5'),
	(105797, 'HQ21-3650-06', 'Access', 48, 'nein', '10.250.21.6'),
	(105798, 'HQ31-3650-01', 'Access', 48, 'ja', '10.250.31.1'),
	(105800, 'HQ31-3650-02', 'Access', 48, 'nein', '10.250.31.2'),
	(105801, 'HQ31-3650-03', 'Access', 48, 'nein', '10.250.31.3'),
	(105802, 'HQ41-3650-01', 'Access', 48, 'ja', '10.250.41.1'),
	(105804, 'HQ41-3650-02', 'Access', 48, 'nein', '10.250.41.2'),
	(107268, 'JOB-3850-01', 'Access', 24, 'ja', '10.250.81.1'),
	(101016, 'NEU-EX3300-01', 'Access', 24, 'nein', '10.250.82.1'),
	(101275, 'NIX-2960X-01', 'Access', 48, 'ja', '10.250.84.1'),
	(100003, 'ZU-EX2200-01', 'Access', 24, 'ja', '10.250.83.1'),
	(100004, 'ZU-EX2200-02', 'Access', 24, 'nein', '10.250.83.2'),
	(100005, 'ZU-EX2200-03', 'Access', 24, 'ja', '10.250.83.3');
/*!40000 ALTER TABLE `t_switches` ENABLE KEYS */;

/*!40101 SET SQL_MODE=IFNULL(@OLD_SQL_MODE, '') */;
/*!40014 SET FOREIGN_KEY_CHECKS=IF(@OLD_FOREIGN_KEY_CHECKS IS NULL, 1, @OLD_FOREIGN_KEY_CHECKS) */;
/*!40101 SET CHARACTER_SET_CLIENT=@OLD_CHARACTER_SET_CLIENT */;
